# Blender 4.5.4 LTS
# www.blender.org
mtllib Bench.mtl
o basic_welding_helmet
v -14.873409 2.689420 -2.939943
v -15.155482 3.077165 -3.202363
v -14.095510 1.757691 -2.675724
v -14.911498 2.636052 -2.723998
v -15.298386 3.178897 -3.098860
v -15.419814 3.203075 -3.327243
v -15.000618 2.877657 -3.076408
v -14.431767 1.671607 -2.481016
v -15.101498 2.917203 -2.927821
v -15.635103 3.129122 -3.542672
v -14.384761 1.801803 -2.403659
v -14.375092 1.724955 -2.420215
v -14.239851 2.329417 -2.789217
v -15.348601 2.753876 -3.047700
v -15.046611 2.372280 -2.723736
v -15.154547 2.125394 -2.877910
v -14.779130 2.061797 -2.528668
v -15.518615 2.515644 -3.268468
v -14.503117 1.690907 -2.445613
v -14.447761 1.728259 -2.355680
v -14.863941 1.936863 -2.653649
v -15.759175 2.898409 -3.762208
v -14.653429 2.243333 -2.522434
v -14.528205 2.775504 -3.142989
v -14.790239 3.163249 -3.424090
v -14.480903 2.722137 -3.006643
v -14.847753 3.264982 -3.400185
v -15.012493 3.289159 -3.588193
v -14.655414 2.963742 -3.279454
v -15.306268 3.181719 -3.856457
v -15.553089 2.867395 -4.121238
v -14.039548 1.887888 -2.606714
v -14.038833 1.811039 -2.614924
v -14.144436 1.807271 -2.753829
v -14.449677 1.729128 -2.577082
v -15.106893 2.141056 -2.936330
v -15.438122 2.496410 -3.291661
v -14.514444 1.746646 -2.544943
v -14.845312 1.969916 -2.730688
v -15.625404 2.799505 -3.708729
v -15.468308 2.815713 -4.066801
v -14.219260 1.936077 -2.896033
v -14.450253 1.964803 -2.763506
v -15.010222 2.287992 -3.005052
v -15.271272 2.546218 -3.249189
v -14.514281 1.990482 -2.755540
v -14.818814 2.158898 -2.844425
v -15.414945 2.809559 -3.608729
v -15.218769 2.851242 -3.887385
v -13.956992 1.757691 -2.804846
v -14.080709 2.329417 -2.937565
v -14.391227 2.775504 -3.270677
v -14.653261 3.163249 -3.551777
v -14.301229 2.722137 -3.174130
v -14.668078 3.264982 -3.567672
v -14.838446 3.289159 -3.750436
v -14.518436 2.963742 -3.407141
v -15.108834 3.181719 -4.040498
v -15.355657 2.867395 -4.305280
v -13.896554 1.887888 -2.740010
v -13.900316 1.811039 -2.744046
v -14.018697 1.807271 -2.871040
v -15.289087 2.815713 -4.233867
v -14.124413 1.936077 -2.984448
v -15.083579 2.851242 -4.013405
v -15.449963 2.978553 -3.173560
v -15.659706 2.679020 -3.454004
v -15.606091 2.778955 -3.363281
v -15.298386 3.178897 -3.098860
v -15.408575 2.723302 -3.442687
v -15.550550 2.636778 -3.457967
v -15.487961 2.449239 -4.447211
v -15.472701 2.093750 -4.430840
v -15.372334 1.861965 -4.323172
v -15.289838 2.831629 -4.234672
v -14.702969 2.834890 -3.605101
v -15.289838 2.831629 -4.234672
v -14.992258 2.778333 -3.413447
v -15.289838 2.831629 -4.234672
v -15.281857 2.623814 -3.356632
v -15.289838 2.831629 -4.234672
v -15.494164 2.412738 -3.449879
v -15.289838 2.831629 -4.234672
v -15.673075 2.132457 -3.669717
v -15.289838 2.831629 -4.234672
v -15.603546 1.934443 -4.007668
v -15.289838 2.831629 -4.234672
v -15.027338 3.118756 -3.953072
v -14.785089 3.093197 -3.693196
v -15.232122 3.073907 -3.824042
v -15.090787 3.026247 -3.500580
v -15.443747 2.951377 -3.795787
v -15.406698 2.843335 -3.458402
v -15.605506 2.783998 -3.875879
v -15.648170 2.593473 -3.577963
v -15.674058 2.616619 -4.042857
v -15.750505 2.343611 -3.827225
v -15.631033 2.494088 -4.251978
v -15.686278 2.160699 -4.139400
v -15.492171 2.165150 -4.451728
v -15.525065 2.129213 -4.487015
v -15.510148 2.200540 -4.471013
v -15.543042 2.164602 -4.506300
v -14.702717 3.027654 -3.604830
v -14.669822 3.063592 -3.569542
v -14.720693 3.063044 -3.624115
v -14.687799 3.098981 -3.588827
v -14.959031 2.984946 -3.444274
v -14.947496 3.017325 -3.395606
v -14.977008 3.020337 -3.463559
v -14.965473 3.052716 -3.414891
v -15.242760 2.865283 -3.399387
v -15.254869 2.887690 -3.346980
v -15.260737 2.900673 -3.418672
v -15.272846 2.923080 -3.366264
v -15.497707 2.692364 -3.479060
v -15.531063 2.700361 -3.433292
v -15.515684 2.727754 -3.498345
v -15.549040 2.735751 -3.452576
v -15.673377 2.500439 -3.667513
v -15.721372 2.492442 -3.637450
v -15.691354 2.535829 -3.686798
v -15.739348 2.527832 -3.656734
v -15.734977 2.327520 -3.927420
v -15.788105 2.305113 -3.919015
v -15.752954 2.362911 -3.946704
v -15.806082 2.340504 -3.938299
v -15.670306 2.207857 -4.207303
v -15.718044 2.175478 -4.222221
v -15.688283 2.243247 -4.226588
v -15.736021 2.210868 -4.241506
v -14.655987 2.970568 -3.554700
v -14.982423 2.899077 -3.349020
v -15.319763 2.703757 -3.303980
v -15.577616 2.436946 -3.431651
v -15.686892 2.170135 -3.697821
v -15.390244 1.903324 -4.342383
v -15.618308 1.974815 -4.031173
v -15.496445 1.681571 -4.456312
v -15.770975 1.955472 -3.822587
v -15.786199 1.991578 -3.851550
v -15.748947 1.723102 -4.163648
v -15.765583 1.760752 -4.189163
v -15.516517 1.719786 -4.477844
v -15.405187 2.250987 -4.358414
v -14.892902 2.995594 -3.808854
v -15.120654 2.945715 -3.665352
v -15.356013 2.809442 -3.633929
v -15.535916 2.623290 -3.723003
v -15.612156 2.437138 -3.908709
v -15.564306 2.300865 -4.141286
v -15.297183 2.536627 -4.242551
v -15.088629 2.839760 -4.018823
v -15.181348 2.819454 -3.960402
v -15.277164 2.763976 -3.947610
v -15.350403 2.688193 -3.983872
v -15.381440 2.612410 -4.059474
v -15.361960 2.556933 -4.154157
v -14.027496 2.689420 -3.728480
v -14.269491 3.077165 -4.028260
v -13.818476 1.757691 -2.933968
v -13.809412 2.636052 -3.751333
v -14.156222 3.178897 -4.163554
v -14.375528 3.203075 -4.300698
v -14.154705 2.877657 -3.864945
v -13.600668 1.671607 -3.255745
v -13.999411 2.917203 -3.955157
v -14.575332 3.129122 -4.530563
v -13.526798 1.801803 -3.203430
v -13.543991 1.724955 -3.194945
v -13.921568 2.329417 -3.085913
v -14.101666 2.753876 -4.210059
v -13.799676 2.372280 -3.886095
v -13.945902 2.125394 -4.004576
v -13.623845 2.061797 -3.605594
v -14.309970 2.515644 -4.395134
v -13.560349 1.690907 -3.324436
v -13.474519 1.728259 -3.262910
v -13.742571 1.936863 -3.698960
v -14.785626 2.898410 -4.669724
v -13.626440 2.243333 -3.479765
v -14.254250 2.775504 -3.398364
v -14.516284 3.163249 -3.679464
v -14.121555 2.722137 -3.341617
v -14.488405 3.264982 -3.735159
v -14.664398 3.289159 -3.912678
v -14.381458 2.963742 -3.534829
v -14.911402 3.181719 -4.224540
v -15.158224 2.867395 -4.489321
v -13.753560 1.887888 -2.873305
v -13.761799 1.811039 -2.873167
v -13.892957 1.807271 -2.988251
v -13.695241 1.729128 -3.280346
v -14.007520 2.141056 -3.961135
v -14.338750 2.496410 -4.316466
v -13.658640 1.746646 -3.342700
v -13.820727 1.969916 -3.685779
v -14.741659 2.799506 -4.532532
v -15.109866 2.815713 -4.400931
v -14.029565 1.936077 -3.072863
v -13.881166 1.964804 -3.293993
v -14.082851 2.287992 -3.869522
v -14.308083 2.546218 -4.147048
v -13.868731 1.990482 -3.357306
v -13.936042 2.158898 -3.667321
v -14.656663 2.809559 -4.315579
v -14.948389 2.851242 -4.139426
v -14.220110 2.978553 -4.319995
v -14.485156 2.679020 -4.548889
v -14.398416 2.778955 -4.489044
v -14.156222 3.178897 -4.163554
v -14.491476 2.723302 -4.297582
v -14.496763 2.636778 -4.440279
v -14.491501 2.778333 -3.880239
v -14.414518 2.623814 -4.165140
v -14.492649 2.412738 -4.383464
v -14.699400 2.132457 -4.577350
v -15.041395 1.934443 -4.531690
v -14.884266 3.073907 -4.148304
v -14.571511 3.026247 -3.984636
v -14.841241 2.951377 -4.357426
v -14.507284 2.843335 -4.296812
v -14.909793 2.783998 -4.524404
v -14.609618 2.593473 -4.546073
v -15.071552 2.616619 -4.604496
v -14.851091 2.343611 -4.665634
v -15.283176 2.494088 -4.576241
v -15.167002 2.160699 -4.623456
v -14.524582 2.984946 -3.849256
v -14.476843 3.017325 -3.834337
v -14.542559 3.020337 -3.868540
v -14.494821 3.052716 -3.853621
v -14.459910 2.865283 -4.129138
v -14.406783 2.887690 -4.137543
v -14.477887 2.900673 -4.148424
v -14.424760 2.923080 -4.156828
v -14.521510 2.692364 -4.389045
v -14.473516 2.700361 -4.419109
v -14.539487 2.727755 -4.408329
v -14.491492 2.735751 -4.438394
v -14.697181 2.500439 -4.577497
v -14.663826 2.492442 -4.623266
v -14.715158 2.535829 -4.596782
v -14.681803 2.527832 -4.642550
v -14.952128 2.327520 -4.657170
v -14.940019 2.305113 -4.709579
v -14.970104 2.362911 -4.676455
v -14.957995 2.340504 -4.728863
v -15.235858 2.207857 -4.612284
v -15.247392 2.175478 -4.660951
v -15.253835 2.243247 -4.631569
v -15.265368 2.210868 -4.680235
v -14.427922 2.899077 -3.865911
v -14.359339 2.703757 -4.199262
v -14.468615 2.436946 -4.465433
v -14.726467 2.170135 -4.593103
v -15.063807 1.974815 -4.548064
v -14.845029 1.955472 -4.685729
v -14.872853 1.991578 -4.702946
v -15.186796 1.723102 -4.687671
v -15.211082 1.760752 -4.706055
v -14.733783 2.945715 -4.025983
v -14.685933 2.809442 -4.258560
v -14.762174 2.623290 -4.444265
v -14.942076 2.437138 -4.533340
v -15.177436 2.300865 -4.501916
v -15.023850 2.819454 -4.107217
v -15.004372 2.763976 -4.201900
v -15.035409 2.688193 -4.277501
v -15.108648 2.612410 -4.313764
v -15.204464 2.556933 -4.300972
vn 0.2587 0.6638 0.7018
vn -0.0303 0.9564 0.2906
vn 0.6752 0.6874 0.2677
vn -0.1345 0.2562 0.9572
vn 0.6846 0.6703 0.2864
vn 0.2438 0.6718 0.6994
vn 0.5205 -0.1014 0.8478
vn 0.3833 0.4740 0.7927
vn -0.3882 0.2153 0.8961
vn -0.7753 -0.0145 0.6314
vn -0.6537 -0.3344 0.6789
vn -0.7623 -0.0613 0.6444
vn -0.6864 -0.1743 0.7061
vn -0.5492 0.1635 0.8196
vn 0.6600 -0.0779 0.7472
vn -0.5320 0.2495 0.8092
vn 0.9129 -0.1264 -0.3882
vn 0.5817 0.5218 0.6240
vn 0.6801 -0.0716 0.7296
vn -0.5436 0.7331 -0.4087
vn -0.2543 0.9626 -0.0934
vn 0.4843 0.7039 0.5195
vn 0.5391 0.0037 0.8422
vn -0.0843 0.9815 0.1719
vn 0.2556 0.9271 0.2742
vn 0.1535 -0.8929 0.4232
vn 0.4167 -0.8397 0.3483
vn 0.5264 0.6357 0.5647
vn 0.3451 0.6030 0.7192
vn 0.3838 0.8137 0.4366
vn -0.4758 -0.8507 -0.2234
vn -0.3276 -0.8770 -0.3515
vn -0.3216 -0.8403 -0.4364
vn -0.2346 -0.8725 -0.4286
vn -0.3352 -0.8040 -0.4912
vn -0.0705 -0.8616 -0.5027
vn -0.4212 -0.8106 -0.4069
vn 0.2966 -0.5054 -0.8103
vn -0.4132 -0.5810 -0.7012
vn -0.0229 -0.5986 -0.8007
vn -0.3238 -0.6696 -0.6684
vn -0.3807 0.7593 0.5278
vn -0.4357 -0.7692 -0.4674
vn 0.1146 -0.9931 -0.0267
vn 0.2865 -0.5363 -0.7939
vn 0.0798 -0.9931 0.0856
vn -0.3190 -0.8838 -0.3422
vn 0.3683 -0.8416 0.3951
vn 0.0657 0.9954 0.0705
vn 0.6668 0.2089 0.7153
vn -0.1783 0.9652 -0.1913
vn -0.4471 0.7551 -0.4796
vn -0.7821 0.4201 0.4603
vn -0.7956 0.3050 0.5235
vn 0.8229 0.0704 -0.5638
vn -0.3807 0.5462 0.7461
vn 0.3325 0.8191 0.4675
vn 0.1734 0.8120 0.5574
vn -0.4431 0.8385 0.3172
vn -0.2701 0.6337 0.7249
vn -0.7537 0.5973 0.2740
vn -0.6678 0.3249 0.6697
vn -0.9453 0.3188 0.0685
vn -0.9131 -0.0316 0.4065
vn -0.4347 0.8010 -0.4115
vn -0.9666 0.0777 -0.2444
vn -0.5002 0.7747 -0.3868
vn -0.9403 -0.3403 0.0060
vn -0.5589 0.7291 -0.3949
vn -0.8118 -0.0616 -0.5807
vn -0.5951 0.6765 -0.4338
vn -0.7421 -0.5186 -0.4247
vn -0.5991 0.6309 -0.4929
vn -0.0967 0.9777 0.1863
vn -0.5699 0.6046 -0.5565
vn 0.9243 -0.2858 -0.2529
vn -0.4074 0.8019 -0.4370
vn 0.3604 0.5808 0.7299
vn -0.4073 0.8019 -0.4370
vn -0.3604 -0.5808 -0.7299
vn -0.0524 0.4572 0.8878
vn 0.0524 -0.4572 -0.8878
vn 0.4383 -0.2481 -0.8639
vn -0.4383 0.2481 0.8639
vn -0.7315 -0.0000 0.6819
vn 0.7315 -0.0000 -0.6819
vn -0.8925 -0.2481 0.3766
vn 0.8925 0.2481 -0.3766
vn 0.8893 0.4572 0.0100
vn -0.8893 -0.4572 -0.0100
vn -0.7028 -0.5808 -0.4107
vn 0.7028 0.5808 0.4107
vn 0.4800 -0.7103 0.5149
vn -0.4800 0.7103 -0.5149
vn 0.0882 -0.4882 0.8683
vn 0.3727 -0.4282 0.8233
vn 0.5497 -0.4398 0.7102
vn -0.6442 -0.6033 -0.4702
vn -0.9428 -0.2999 0.1454
vn -0.3821 -0.4852 0.7865
vn 0.3791 -0.8764 0.2970
vn 0.3048 -0.7343 -0.6065
vn 0.9761 -0.0258 0.2159
vn 0.7202 -0.4822 -0.4987
vn -0.1525 -0.8495 -0.5051
vn 0.8137 0.1202 0.5687
vn 0.7078 -0.5362 0.4598
vn 0.5100 -0.8238 0.2476
vn 0.6493 -0.4836 0.5869
vn 0.6274 -0.7326 0.2639
vn 0.6998 -0.6274 0.3416
vn 0.6819 0.6638 0.3073
vn 0.2920 0.9564 -0.0099
vn 0.2197 0.6874 0.6923
vn 0.9643 0.2562 -0.0671
vn 0.2377 0.6703 0.7030
vn 0.6806 0.6718 0.2923
vn 0.8092 -0.1014 0.5787
vn 0.7639 0.4740 0.4379
vn 0.9211 0.2153 -0.3244
vn 0.6842 -0.0145 -0.7291
vn 0.7230 -0.3344 -0.6045
vn 0.6962 -0.0613 -0.7152
vn 0.7525 -0.1743 -0.6352
vn 0.8560 0.1635 -0.4903
vn 0.6991 -0.0779 0.7108
vn 0.8445 0.2495 -0.4739
vn -0.4512 -0.1264 0.8834
vn -0.3696 0.7331 -0.5709
vn -0.0753 0.9626 -0.2602
vn 0.8023 0.0037 0.5969
vn 0.1774 0.9815 -0.0720
vn 0.4114 -0.8929 0.1828
vn 0.3183 -0.8397 0.4401
vn 0.6933 0.6030 0.3947
vn 0.4086 0.8137 0.4135
vn -0.1895 -0.8507 -0.4903
vn -0.4127 -0.8403 -0.3514
vn -0.4111 -0.8725 -0.2641
vn -0.4665 -0.8040 -0.3688
vn -0.4965 -0.8616 -0.1056
vn -0.3763 -0.8106 -0.4486
vn -0.8291 -0.5054 0.2390
vn -0.6705 -0.5810 -0.4614
vn -0.7971 -0.5986 -0.0790
vn -0.6440 -0.6696 -0.3699
vn 0.5532 0.7593 -0.3428
vn -0.0347 -0.9931 0.1125
vn -0.8121 -0.5363 0.2301
vn 0.5140 0.4201 -0.7479
vn 0.5780 0.3050 -0.7569
vn -0.6201 0.0704 0.7813
vn 0.7710 0.5462 -0.3274
vn 0.4431 0.8191 0.3644
vn 0.5438 0.8120 0.2120
vn 0.3475 0.8385 -0.4198
vn 0.7420 0.6337 -0.2186
vn 0.3262 0.5973 -0.7327
vn 0.7148 0.3249 -0.6192
vn 0.1346 0.3188 -0.9382
vn 0.4696 -0.0316 -0.8823
vn -0.3800 0.8010 -0.4625
vn -0.1760 0.0777 -0.9813
vn -0.3508 0.7747 -0.5261
vn 0.0719 -0.3403 -0.9375
vn -0.3548 0.7291 -0.5852
vn -0.5224 -0.0616 -0.8505
vn -0.3910 0.6765 -0.6241
vn -0.3716 -0.5186 -0.7700
vn -0.4497 0.6309 -0.6322
vn 0.1926 0.9777 -0.0834
vn -0.5152 0.6046 -0.6075
vn -0.3171 -0.2858 0.9043
vn 0.8600 -0.4882 0.1489
vn 0.7951 -0.4282 0.4295
vn 0.6699 -0.4398 0.5982
vn -0.4239 -0.6033 -0.6756
vn 0.2112 -0.2999 -0.9303
vn 0.8114 -0.4852 -0.3260
vn 0.2697 -0.8764 0.3990
vn -0.6264 -0.7343 0.2615
vn 0.1469 -0.0258 0.9888
vn -0.5480 -0.4822 0.6835
vn -0.4931 -0.8495 -0.1876
vn 0.5102 0.1202 0.8516
vn 0.4090 -0.5362 0.7383
vn 0.2112 -0.8238 0.5261
vn 0.5400 -0.4836 0.6889
vn 0.2193 -0.7326 0.6444
vn 0.2917 -0.6274 0.7220
vt 0.500000 0.416667
vt 0.625000 0.416667
vt 0.625000 0.500000
vt 0.500000 0.500000
vt 0.375000 0.416667
vt 0.375000 0.500000
vt 0.375000 0.500000
vt 0.291667 0.500000
vt 0.375000 0.750000
vt 0.291667 0.750000
vt 0.540004 0.500000
vt 0.541103 0.750000
vt 0.500000 0.750000
vt 0.552930 0.500000
vt 0.625000 0.750000
vt 0.543930 0.750000
vt 0.375000 0.375000
vt 0.250000 0.500000
vt 0.250000 0.750000
vt 0.708333 0.750000
vt 0.500000 0.375000
vt 0.708333 0.500000
vt 0.625000 0.375000
vt 0.000000 0.000000
vt 0.555892 0.750000
vt 0.574540 0.750000
vt 0.750000 0.750000
vt 0.750000 0.500000
vt 0.500000 0.529739
vt 0.500000 0.666667
vt 0.416667 0.666667
vt 0.416667 0.529739
vt 0.416667 0.833333
vt 0.333333 0.833333
vt 0.333333 0.666667
vt 0.333333 0.529739
vt 0.250000 0.833333
vt 0.250000 0.666667
vt 0.250000 0.529739
vt 0.166667 0.833333
vt 0.166667 0.666667
vt 0.166667 0.529739
vt 0.500000 0.833333
vt 0.500000 1.000000
vt 0.416667 1.000000
vt 0.083333 0.833333
vt 0.083333 0.666667
vt 0.333333 1.000000
vt 0.083333 0.529739
vt 0.250000 1.000000
vt 0.000000 0.833333
vt 0.000000 0.666667
vt 0.166667 1.000000
vt 0.000000 0.529739
vt 0.083333 1.000000
vt 0.000000 1.000000
vt 0.510000 0.250000
vt 0.542154 0.370000
vt 0.630000 0.457846
vt 0.333333 0.500000
vt 0.250000 0.500000
vt 0.416667 0.500000
vt 0.500000 0.500000
vt 0.083333 0.500000
vt 0.000000 0.500000
vt 0.166667 0.500000
vt 0.750000 0.490000
s 0
f 29/1/1 25/2/1 2/3/1 7/4/1
f 24/5/2 1/6/2 4/6/2 26/5/2
f 7/4/3 2/3/3 5/3/3 9/4/3
f 11/6/4 23/6/4 17/7/4 20/6/4
f 1/6/5 7/4/5 9/4/5 4/6/5
f 24/5/6 29/1/6 7/4/6 1/6/6
f 32/8/7 11/6/7 12/9/7 33/10/7
f 13/5/8 23/6/8 11/6/8 32/5/8
f 23/6/9 4/6/9 15/6/9 17/7/9
f 14/4/10 66/11/10 68/12/10 18/13/10
f 17/7/11 21/9/11 19/9/11 20/6/11
f 15/6/12 14/4/12 18/13/12 16/9/12
f 15/6/13 16/9/13 21/9/13 17/7/13
f 9/4/14 69/14/14 66/11/14 14/4/14
f 11/6/15 20/6/15 12/9/15
f 4/6/16 9/4/16 14/4/16 15/6/16
f 10/15/17 68/12/17 67/16/17 22/15/17
f 51/17/18 13/5/18 32/5/18 60/17/18
f 60/18/19 32/8/19 33/10/19 61/19/19
f 10/15/20 30/20/20 31/20/20 22/15/20
f 6/15/21 28/20/21 30/20/21 10/15/21
f 52/17/22 57/21/22 29/1/22 24/5/22
f 2/3/23 25/2/23 27/2/23 5/3/23
f 5/3/24 27/22/24 28/20/24 6/15/24
f 52/17/25 24/5/25 26/5/25 54/17/25
f 57/21/22 53/23/22 25/2/22 29/1/22
f 20/6/26 19/9/26 8/24/26 12/9/26
f 12/9/27 8/24/27 3/24/27 33/10/27
f 54/17/28 26/5/28 13/5/28 51/17/28
f 26/5/29 4/6/29 23/6/29 13/5/29
f 22/15/30 67/16/30 71/25/30 40/15/30
f 22/15/31 31/20/31 41/20/31 40/15/31
f 50/24/32 3/24/32 34/24/32 62/24/32
f 19/9/33 21/9/33 39/9/33 38/9/33
f 21/9/34 16/9/34 36/9/34 39/9/34
f 16/9/35 18/13/35 37/13/35 36/9/35
f 3/24/36 8/24/36 35/24/36 34/24/36
f 8/24/37 19/9/37 38/9/37 35/24/37
f 36/9/38 37/13/38 45/13/38 44/9/38
f 35/24/39 38/9/39 46/9/39 43/24/39
f 38/9/40 39/9/40 47/9/40 46/9/40
f 34/24/41 35/24/41 43/24/41 42/24/41
f 40/15/42 71/25/42 70/26/42 48/15/42
f 62/24/43 34/24/43 42/24/43 64/24/43
f 40/15/44 41/20/44 49/20/44 48/15/44
f 39/9/45 36/9/45 44/9/45 47/9/45
f 41/20/46 63/27/46 65/27/46 49/20/46
f 31/20/47 59/27/47 63/27/47 41/20/47
f 3/24/48 50/24/48 61/19/48 33/10/48
f 27/22/49 55/28/49 56/27/49 28/20/49
f 25/2/50 53/23/50 55/23/50 27/2/50
f 28/20/51 56/27/51 58/27/51 30/20/51
f 30/20/52 58/27/52 59/27/52 31/20/52
f 66/11/53 69/14/53 9/4/53 5/3/53 6/3/53
f 68/12/54 66/11/54 6/3/54 10/15/54
f 67/16/55 68/12/55 18/13/55
f 70/26/56 71/25/56 37/13/56 45/13/56
f 71/25/57 67/16/57 18/13/57 37/13/57
f 132/29/58 89/30/58 91/31/58 133/32/58
f 91/31/59 90/33/59 92/34/59 93/35/59
f 133/32/60 91/31/60 93/35/60 134/36/60
f 93/35/61 92/34/61 94/37/61 95/38/61
f 134/36/62 93/35/62 95/38/62 135/39/62
f 95/38/63 94/37/63 96/40/63 97/41/63
f 135/39/64 95/38/64 97/41/64 136/42/64
f 88/43/65 77/44/65 79/45/65 90/33/65
f 97/41/66 96/40/66 98/46/66 99/47/66
f 90/33/67 79/45/67 81/48/67 92/34/67
f 136/42/68 97/41/68 99/47/68 138/49/68
f 92/34/69 81/48/69 83/50/69 94/37/69
f 99/47/70 98/46/70 72/51/70 73/52/70
f 94/37/71 83/50/71 85/53/71 96/40/71
f 138/49/72 99/47/72 73/52/72 137/54/72
f 96/40/73 85/53/73 87/55/73 98/46/73
f 89/30/74 88/43/74 90/33/74 91/31/74
f 98/46/75 87/55/75 75/56/75 72/51/75
f 82/57/76 84/58/76 150/58/76 149/57/76
f 107/24/77 106/24/77 110/24/77 111/24/77
f 104/24/78 106/24/78 110/24/78 108/24/78
f 105/24/79 104/24/79 108/24/79 109/24/79
f 107/24/80 105/24/80 109/24/80 111/24/80
f 108/24/81 110/24/81 114/24/81 112/24/81
f 109/24/77 108/24/77 112/24/77 113/24/77
f 111/24/82 109/24/82 113/24/82 115/24/82
f 111/24/77 110/24/77 114/24/77 115/24/77
f 115/24/83 113/24/83 117/24/83 119/24/83
f 115/24/77 114/24/77 118/24/77 119/24/77
f 112/24/84 114/24/84 118/24/84 116/24/84
f 113/24/77 112/24/77 116/24/77 117/24/77
f 116/24/85 118/24/85 122/24/85 120/24/85
f 117/24/77 116/24/77 120/24/77 121/24/77
f 119/24/86 117/24/86 121/24/86 123/24/86
f 119/24/77 118/24/77 122/24/77 123/24/77
f 120/24/87 122/24/87 126/24/87 124/24/87
f 121/24/79 120/24/79 124/24/79 125/24/79
f 123/24/88 121/24/88 125/24/88 127/24/88
f 123/24/79 122/24/79 126/24/79 127/24/79
f 127/24/89 125/24/89 129/24/89 131/24/89
f 127/24/77 126/24/77 130/24/77 131/24/77
f 124/24/90 126/24/90 130/24/90 128/24/90
f 125/24/77 124/24/77 128/24/77 129/24/77
f 128/24/91 130/24/91 102/24/91 100/24/91
f 129/24/77 128/24/77 100/24/77 101/24/77
f 131/24/92 129/24/92 101/24/92 103/24/92
f 131/24/77 130/24/77 102/24/77 103/24/77
f 86/59/93 84/58/93 140/58/93 142/59/93
f 138/49/94 137/54/94 144/54/94 143/49/94
f 80/60/95 134/36/95 135/39/95 82/61/95
f 78/62/96 133/32/96 134/36/96 80/60/96
f 76/63/97 132/29/97 133/32/97 78/62/97
f 142/64/98 143/49/98 144/54/98 139/65/98
f 140/66/99 141/42/99 143/49/99 142/64/99
f 82/61/100 135/39/100 141/39/100 140/61/100
f 136/42/94 138/49/94 143/49/94 141/42/94
f 84/58/94 82/57/94 140/58/94
f 135/39/94 136/42/94 141/39/94
f 74/67/93 86/59/93 142/59/93 139/67/93
f 146/63/101 147/62/101 154/62/101 153/63/101
f 78/62/102 80/60/102 148/60/102 147/62/102
f 84/58/103 86/59/103 151/59/103 150/58/103
f 80/60/104 82/61/104 149/61/104 148/60/104
f 76/63/105 78/62/105 147/62/105 146/63/105
f 86/59/106 74/67/106 145/67/106 151/59/106
f 150/58/107 151/59/107 158/59/107 157/58/107
f 147/62/108 148/60/108 155/60/108 154/62/108
f 151/59/109 145/67/109 152/67/109 158/59/109
f 148/60/110 149/61/110 156/61/110 155/60/110
f 149/57/111 150/58/111 157/58/111 156/57/111
f 187/1/112 165/4/112 160/3/112 183/2/112
f 182/5/113 184/5/113 162/6/113 159/6/113
f 165/4/114 167/4/114 163/3/114 160/3/114
f 169/6/115 178/6/115 175/7/115 181/6/115
f 159/6/116 162/6/116 167/4/116 165/4/116
f 182/5/117 159/6/117 165/4/117 187/1/117
f 190/8/118 191/10/118 170/9/118 169/6/118
f 171/5/119 190/5/119 169/6/119 181/6/119
f 181/6/120 175/7/120 173/6/120 162/6/120
f 172/4/121 176/13/121 210/12/121 208/11/121
f 175/7/122 178/6/122 177/9/122 179/9/122
f 173/6/123 174/9/123 176/13/123 172/4/123
f 173/6/124 175/7/124 179/9/124 174/9/124
f 167/4/125 172/4/125 208/11/125 211/14/125
f 169/6/126 170/9/126 178/6/126
f 162/6/127 173/6/127 172/4/127 167/4/127
f 168/15/128 180/15/128 209/16/128 210/12/128
f 51/17/18 60/17/18 190/5/18 171/5/18
f 60/18/19 61/19/19 191/10/19 190/8/19
f 168/15/129 180/15/129 189/20/129 188/20/129
f 164/15/130 168/15/130 188/20/130 186/20/130
f 52/17/22 182/5/22 187/1/22 57/21/22
f 160/3/131 163/3/131 185/2/131 183/2/131
f 163/3/132 164/15/132 186/20/132 185/22/132
f 52/17/25 54/17/25 184/5/25 182/5/25
f 57/21/22 187/1/22 183/2/22 53/23/22
f 178/6/133 170/9/133 166/24/133 177/9/133
f 170/9/134 191/10/134 161/24/134 166/24/134
f 54/17/28 51/17/28 171/5/28 184/5/28
f 184/5/135 171/5/135 181/6/135 162/6/135
f 180/15/136 198/15/136 213/25/136 209/16/136
f 180/15/137 198/15/137 199/20/137 189/20/137
f 50/24/32 62/24/32 192/24/32 161/24/32
f 177/9/138 196/9/138 197/9/138 179/9/138
f 179/9/139 197/9/139 194/9/139 174/9/139
f 174/9/140 194/9/140 195/13/140 176/13/140
f 161/24/141 192/24/141 193/24/141 166/24/141
f 166/24/142 193/24/142 196/9/142 177/9/142
f 194/9/143 202/9/143 203/13/143 195/13/143
f 193/24/144 201/24/144 204/9/144 196/9/144
f 196/9/145 204/9/145 205/9/145 197/9/145
f 192/24/146 200/24/146 201/24/146 193/24/146
f 198/15/147 206/15/147 212/26/147 213/25/147
f 62/24/43 64/24/43 200/24/43 192/24/43
f 198/15/148 206/15/148 207/20/148 199/20/148
f 197/9/149 205/9/149 202/9/149 194/9/149
f 199/20/46 207/20/46 65/27/46 63/27/46
f 189/20/47 199/20/47 63/27/47 59/27/47
f 161/24/48 191/10/48 61/19/48 50/24/48
f 185/22/49 186/20/49 56/27/49 55/28/49
f 183/2/50 185/2/50 55/23/50 53/23/50
f 186/20/51 188/20/51 58/27/51 56/27/51
f 188/20/52 189/20/52 59/27/52 58/27/52
f 208/11/150 164/3/150 163/3/150 167/4/150 211/14/150
f 210/12/151 168/15/151 164/3/151 208/11/151
f 209/16/152 176/13/152 210/12/152
f 212/26/153 203/13/153 195/13/153 213/25/153
f 213/25/154 195/13/154 176/13/154 209/16/154
f 132/29/155 253/32/155 220/31/155 89/30/155
f 220/31/156 222/35/156 221/34/156 219/33/156
f 253/32/157 254/36/157 222/35/157 220/31/157
f 222/35/158 224/38/158 223/37/158 221/34/158
f 254/36/159 255/39/159 224/38/159 222/35/159
f 224/38/160 226/41/160 225/40/160 223/37/160
f 255/39/161 256/42/161 226/41/161 224/38/161
f 88/43/162 219/33/162 79/45/162 77/44/162
f 226/41/163 228/47/163 227/46/163 225/40/163
f 219/33/164 221/34/164 81/48/164 79/45/164
f 256/42/165 257/49/165 228/47/165 226/41/165
f 221/34/166 223/37/166 83/50/166 81/48/166
f 228/47/167 73/52/167 72/51/167 227/46/167
f 223/37/168 225/40/168 85/53/168 83/50/168
f 257/49/169 137/54/169 73/52/169 228/47/169
f 225/40/170 227/46/170 87/55/170 85/53/170
f 89/30/171 220/31/171 219/33/171 88/43/171
f 227/46/172 72/51/172 75/56/172 87/55/172
f 216/57/173 264/57/173 265/58/173 217/58/173
f 107/24/77 232/24/77 231/24/77 106/24/77
f 104/24/92 229/24/92 231/24/92 106/24/92
f 105/24/79 230/24/79 229/24/79 104/24/79
f 107/24/91 232/24/91 230/24/91 105/24/91
f 229/24/89 233/24/89 235/24/89 231/24/89
f 230/24/79 234/24/79 233/24/79 229/24/79
f 232/24/90 236/24/90 234/24/90 230/24/90
f 232/24/79 236/24/79 235/24/79 231/24/79
f 236/24/87 240/24/87 238/24/87 234/24/87
f 236/24/79 240/24/79 239/24/79 235/24/79
f 233/24/88 237/24/88 239/24/88 235/24/88
f 234/24/77 238/24/77 237/24/77 233/24/77
f 237/24/86 241/24/86 243/24/86 239/24/86
f 238/24/77 242/24/77 241/24/77 237/24/77
f 240/24/85 244/24/85 242/24/85 238/24/85
f 240/24/77 244/24/77 243/24/77 239/24/77
f 241/24/83 245/24/83 247/24/83 243/24/83
f 242/24/77 246/24/77 245/24/77 241/24/77
f 244/24/84 248/24/84 246/24/84 242/24/84
f 244/24/77 248/24/77 247/24/77 243/24/77
f 248/24/81 252/24/81 250/24/81 246/24/81
f 248/24/77 252/24/77 251/24/77 247/24/77
f 245/24/82 249/24/82 251/24/82 247/24/82
f 246/24/77 250/24/77 249/24/77 245/24/77
f 249/24/80 100/24/80 102/24/80 251/24/80
f 250/24/77 101/24/77 100/24/77 249/24/77
f 252/24/78 103/24/78 101/24/78 250/24/78
f 252/24/77 103/24/77 102/24/77 251/24/77
f 218/59/93 260/59/93 258/58/93 217/58/93
f 257/49/94 261/49/94 144/54/94 137/54/94
f 215/60/174 216/61/174 255/39/174 254/36/174
f 214/62/175 215/60/175 254/36/175 253/32/175
f 76/63/176 214/62/176 253/32/176 132/29/176
f 260/64/177 139/65/177 144/54/177 261/49/177
f 258/66/178 260/64/178 261/49/178 259/42/178
f 216/61/179 258/61/179 259/39/179 255/39/179
f 256/42/94 259/42/94 261/49/94 257/49/94
f 217/58/94 258/58/94 216/57/94
f 255/39/94 259/39/94 256/42/94
f 74/67/93 139/67/93 260/59/93 218/59/93
f 146/63/180 153/63/180 267/62/180 262/62/180
f 214/62/181 262/62/181 263/60/181 215/60/181
f 217/58/182 265/58/182 266/59/182 218/59/182
f 215/60/183 263/60/183 264/61/183 216/61/183
f 76/63/184 146/63/184 262/62/184 214/62/184
f 218/59/185 266/59/185 145/67/185 74/67/185
f 265/58/186 270/58/186 271/59/186 266/59/186
f 262/62/187 267/62/187 268/60/187 263/60/187
f 266/59/188 271/59/188 152/67/188 145/67/188
f 263/60/189 268/60/189 269/61/189 264/61/189
f 264/57/190 269/57/190 270/58/190 265/58/190
o Workbench
v -11.862965 1.756946 -12.205967
v -11.862965 1.156946 -12.205967
v -11.862965 1.756946 0.814034
v -11.862965 1.156946 0.814034
v -18.762964 1.756946 -12.205967
v -18.762964 1.156946 -12.205967
v -18.762964 1.756946 0.814034
v -18.762964 1.156946 0.814034
v -12.912964 -4.543054 0.504034
v -12.912964 1.456946 0.504034
v -12.912964 -4.543054 -0.095968
v -12.912964 1.456946 -0.095968
v -12.312964 -4.543054 0.504034
v -12.312964 1.456946 0.504034
v -12.312964 -4.543054 -0.095968
v -12.312964 1.456946 -0.095968
v -18.312965 -4.543054 0.504034
v -18.312965 1.456946 0.504034
v -18.312965 -4.543054 -0.095968
v -18.312965 1.456946 -0.095968
v -17.712965 -4.543054 0.504034
v -17.712965 1.456946 0.504034
v -17.712965 -4.543054 -0.095968
v -17.712965 1.456946 -0.095968
v -12.912964 -4.543054 -11.295968
v -12.912964 1.456946 -11.295968
v -12.912964 -4.543054 -11.895967
v -12.912964 1.456946 -11.895967
v -12.312964 -4.543054 -11.295968
v -12.312964 1.456946 -11.295968
v -12.312964 -4.543054 -11.895967
v -12.312964 1.456946 -11.895967
v -18.312965 -4.543054 -11.295968
v -18.312965 1.456946 -11.295968
v -18.312965 -4.543054 -11.895967
v -18.312965 1.456946 -11.895967
v -17.712965 -4.543054 -11.295968
v -17.712965 1.456946 -11.295968
v -17.712965 -4.543054 -11.895967
v -17.712965 1.456946 -11.895967
v -12.412964 -3.743054 -11.795967
v -18.212963 -3.743054 0.404033
v -18.212963 -3.343054 0.404033
v -17.812965 -3.343054 0.404033
v -12.412964 -3.743054 0.004033
v -12.412964 -3.343054 0.004033
v -12.412964 -3.743054 0.404034
v -12.412964 -3.343054 0.404034
v -18.212965 -3.743054 -11.795967
v -18.212965 -3.343054 -11.795967
v -12.412964 -3.343054 -11.795967
v -18.212965 -3.743054 -11.395969
v -18.212965 -3.343054 -11.395969
v -12.412964 -3.743054 -11.395967
v -12.412964 -3.343054 -11.395967
v -12.812964 -3.343054 0.004033
v -12.812964 -3.743054 0.404034
v -12.812964 -3.343054 0.404034
v -12.812965 -3.743054 0.004033
v -17.812963 -3.743054 0.004033
v -17.812965 -3.743054 0.404033
v -18.212963 -3.743054 0.004032
v -18.212963 -3.343054 0.004032
v -17.812965 -3.343054 0.004032
v -12.812964 -3.743054 -11.795967
v -12.812964 -3.343054 -11.795967
v -12.812964 -3.743054 -11.395967
v -12.812964 -3.343054 -11.395967
v -17.812965 -3.743054 -11.795967
v -17.812965 -3.343054 -11.795967
v -17.812965 -3.743054 -11.395969
v -17.812965 -3.343054 -11.395969
vn -0.0000 1.0000 -0.0000
vn -0.0000 -0.0000 1.0000
vn -1.0000 -0.0000 -0.0000
vn -0.0000 -1.0000 -0.0000
vn 1.0000 -0.0000 -0.0000
vn -0.0000 -0.0000 -1.0000
vt 0.625000 0.500000
vt 0.875000 0.500000
vt 0.875000 0.750000
vt 0.625000 0.750000
vt 0.375000 0.750000
vt 0.625000 1.000000
vt 0.375000 1.000000
vt 0.375000 0.000000
vt 0.625000 0.000000
vt 0.625000 0.250000
vt 0.375000 0.250000
vt 0.125000 0.500000
vt 0.375000 0.500000
vt 0.125000 0.750000
vt 0.125000 0.741807
vt 0.375000 0.741807
vt 0.625000 0.741807
vt 0.875000 0.741807
vt 0.125000 0.732655
vt 0.375000 0.732655
vt 0.625000 0.732655
vt 0.875000 0.732655
vt 0.875000 0.517345
vt 0.625000 0.517345
vt 0.375000 0.517345
vt 0.375000 0.017345
vt 0.625000 0.017345
vt 0.625000 0.232655
vt 0.375000 0.232655
vt 0.625000 0.508193
vt 0.875000 0.508193
vt 0.125000 0.508193
vt 0.375000 0.508193
vt 0.875000 0.732655
vt 0.625000 0.732655
vt 0.125000 0.517345
vt 0.375000 0.732655
vt 0.125000 0.732655
vt 0.625000 0.508193
vt 0.875000 0.508193
vt 0.125000 0.508193
vt 0.625000 0.008193
vt 0.375000 0.008193
vt 0.875000 0.517345
vt 0.375000 0.517345
vt 0.375000 0.017345
vt 0.625000 0.017345
vt 0.375000 0.232655
vt 0.375000 0.008193
vt 0.625000 0.008193
vt 0.625000 0.241807
vt 0.375000 0.241807
vt 0.625000 0.241807
vt 0.375000 0.241807
s 0
usemtl Material.001
f 272/68/191 276/69/191 278/70/191 274/71/191
f 275/72/192 274/71/192 278/73/192 279/74/192
f 279/75/193 278/76/193 276/77/193 277/78/193
f 277/79/194 273/80/194 275/72/194 279/81/194
f 273/80/195 272/68/195 274/71/195 275/72/195
f 277/78/196 276/77/196 272/68/196 273/80/196
f 280/75/193 281/76/193 283/77/193 282/78/193
f 282/78/196 283/77/196 287/68/196 286/80/196
f 286/80/195 287/68/195 285/71/195 284/72/195
f 284/72/192 285/71/192 281/73/192 280/74/192
f 282/79/194 286/80/194 284/72/194 280/81/194
f 287/68/191 283/69/191 281/70/191 285/71/191
f 288/75/193 289/76/193 291/77/193 290/78/193
f 290/78/196 291/77/196 295/68/196 294/80/196
f 294/80/195 295/68/195 293/71/195 292/72/195
f 292/72/192 293/71/192 289/73/192 288/74/192
f 290/79/194 294/80/194 292/72/194 288/81/194
f 295/68/191 291/69/191 289/70/191 293/71/191
f 296/75/193 297/76/193 299/77/193 298/78/193
f 298/78/196 299/77/196 303/68/196 302/80/196
f 302/80/195 303/68/195 301/71/195 300/72/195
f 300/72/192 301/71/192 297/73/192 296/74/192
f 298/79/194 302/80/194 300/72/194 296/81/194
f 303/68/191 299/69/191 297/70/191 301/71/191
f 304/75/193 305/76/193 307/77/193 306/78/193
f 306/78/196 307/77/196 311/68/196 310/80/196
f 310/80/195 311/68/195 309/71/195 308/72/195
f 308/72/192 309/71/192 305/73/192 304/74/192
f 306/79/194 310/80/194 308/72/194 304/81/194
f 311/68/191 307/69/191 305/70/191 309/71/191
f 336/78/196 337/77/196 322/68/196 312/80/196
f 330/82/194 316/83/194 318/72/194 328/81/194
f 332/72/192 315/71/192 314/73/192 313/74/192
f 333/82/194 331/83/194 332/72/194 313/81/194
f 335/84/191 334/85/191 314/70/191 315/71/191
f 316/78/195 317/77/195 319/68/195 318/80/195
f 312/78/195 322/77/195 326/68/195 325/80/195
f 323/72/193 324/71/193 321/73/193 320/74/193
f 340/86/194 342/87/194 323/72/194 320/81/194
f 343/88/191 341/89/191 321/70/191 324/71/191
f 319/68/191 317/69/191 327/90/191 329/91/191
f 318/80/192 319/68/192 329/91/192 328/92/192
f 331/93/196 335/94/196 327/95/196 330/96/196
f 326/97/191 339/98/191 327/85/191 317/84/191
f 338/99/194 325/100/194 316/83/194 330/82/194
f 325/100/195 326/97/195 317/84/195 316/83/195
f 329/91/191 327/90/191 335/101/191 315/102/191
f 330/103/194 328/92/194 332/104/194 331/105/194
f 328/92/192 329/91/192 315/102/192 332/104/192
f 343/106/191 324/107/191 334/85/191 335/84/191
f 323/108/194 342/100/194 331/83/194 333/82/194
f 342/100/195 343/106/195 335/84/195 331/83/195
f 313/75/193 314/76/193 334/109/193 333/110/193
f 326/68/191 322/69/191 337/111/191 339/91/191
f 312/79/194 325/80/194 338/112/194 336/103/194
f 340/113/196 341/114/196 337/95/196 336/115/196
f 330/116/193 327/117/193 339/118/193 338/119/193
f 320/75/196 321/76/196 341/114/196 340/113/196
f 339/91/191 337/111/191 341/89/191 343/88/191
f 336/103/194 338/112/194 342/87/194 340/86/194
f 338/112/192 339/91/192 343/88/192 342/87/192
f 333/110/193 334/109/193 324/120/193 323/121/193
o floor
v -20.000000 -5.200000 20.000000
v -20.000000 -4.800000 20.000000
v -20.000000 -5.200000 -97.603706
v -20.000000 -4.800000 -97.603706
v 52.350060 -5.200000 20.000000
v 52.350060 -4.800000 20.000000
v 52.350060 -5.200000 -97.603706
v 52.350060 -4.800000 -97.603706
vn -1.0000 -0.0000 -0.0000
vn -0.0000 -0.0000 -1.0000
vn 1.0000 -0.0000 -0.0000
vn -0.0000 -0.0000 1.0000
vn -0.0000 -1.0000 -0.0000
vn -0.0000 1.0000 -0.0000
vt 0.375000 0.000000
vt 0.625000 0.000000
vt 0.625000 0.250000
vt 0.375000 0.250000
vt 0.625000 0.500000
vt 0.375000 0.500000
vt 0.625000 0.750000
vt 0.375000 0.750000
vt 0.625000 1.000000
vt 0.375000 1.000000
vt 0.125000 0.500000
vt 0.125000 0.750000
vt 0.875000 0.500000
vt 0.875000 0.750000
s 0
usemtl Material.004
f 344/122/197 345/123/197 347/124/197 346/125/197
f 346/125/198 347/124/198 351/126/198 350/127/198
f 350/127/199 351/126/199 349/128/199 348/129/199
f 348/129/200 349/128/200 345/130/200 344/131/200
f 346/132/201 350/127/201 348/129/201 344/133/201
f 351/126/202 347/134/202 345/135/202 349/128/202
o scrap_metal_barrel
v -14.985735 -4.560159 -18.874538
v -14.985735 -2.091549 -18.874538
v -13.901026 -4.560159 -18.626961
v -13.901026 -2.091549 -18.626961
v -13.031157 -4.560159 -17.933264
v -13.031157 -2.091549 -17.933264
v -12.548415 -4.560159 -16.930841
v -12.548415 -2.091549 -16.930841
v -12.548415 -4.560159 -15.818236
v -12.548415 -2.091549 -15.818236
v -13.031157 -4.560159 -14.815814
v -13.031157 -2.091549 -14.815814
v -13.901026 -4.560159 -14.122116
v -13.901026 -2.091549 -14.122116
v -14.985735 -4.560159 -13.874538
v -14.985735 -2.091549 -13.874538
v -16.070444 -4.560159 -14.122116
v -16.070444 -2.091549 -14.122116
v -16.940313 -4.560159 -14.815814
v -16.940313 -2.091549 -14.815814
v -17.423054 -4.560159 -15.818236
v -17.423054 -2.091549 -15.818236
v -17.423054 -4.560159 -16.930841
v -17.423054 -2.091549 -16.930841
v -16.940313 -4.560159 -17.933264
v -16.940313 -2.091549 -17.933264
v -16.070444 -4.560159 -18.626961
v -16.070444 -2.091549 -18.626961
v -14.985735 -4.640877 -18.914593
v -13.883647 -4.640877 -18.663048
v -12.999841 -4.640877 -17.958237
v -12.509365 -4.640877 -16.939754
v -12.509365 -4.640877 -15.809323
v -12.999841 -4.640877 -14.790840
v -13.883647 -4.640877 -14.086029
v -14.985735 -4.640877 -13.834484
v -16.087824 -4.640877 -14.086029
v -16.971630 -4.640877 -14.790840
v -17.462105 -4.640877 -15.809323
v -17.462105 -4.640877 -16.939754
v -16.971630 -4.640877 -17.958237
v -16.087824 -4.640877 -18.663048
v -14.985735 -4.733837 -18.914593
v -13.883647 -4.733837 -18.663048
v -12.999841 -4.733837 -17.958237
v -12.509365 -4.733837 -16.939754
v -12.509365 -4.733837 -15.809323
v -12.999841 -4.733837 -14.790840
v -13.883647 -4.733837 -14.086029
v -14.985735 -4.733837 -13.834484
v -16.087824 -4.733837 -14.086029
v -16.971630 -4.733837 -14.790840
v -17.462105 -4.733837 -15.809323
v -17.462105 -4.733837 -16.939754
v -16.971630 -4.733837 -17.958237
v -16.087824 -4.733837 -18.663048
v -14.985735 -4.793849 -18.866386
v -13.904562 -4.793849 -18.619616
v -13.037530 -4.793849 -17.928181
v -12.556363 -4.793849 -16.929028
v -12.556363 -4.793849 -15.820050
v -13.037530 -4.793849 -14.820896
v -13.904562 -4.793849 -14.129461
v -14.985735 -4.793849 -13.882690
v -16.066908 -4.793849 -14.129461
v -16.933941 -4.793849 -14.820896
v -17.415108 -4.793849 -15.820050
v -17.415108 -4.793849 -16.929028
v -16.933941 -4.793849 -17.928181
v -16.066908 -4.793849 -18.619616
v -14.985735 -2.057051 -18.899538
v -13.890179 -2.057051 -18.649485
v -13.011610 -2.057051 -17.948851
v -12.524042 -2.057051 -16.936403
v -12.524042 -2.057051 -15.812673
v -13.011610 -2.057051 -14.800226
v -13.890179 -2.057051 -14.099592
v -14.985735 -2.057051 -13.849539
v -16.081291 -2.057051 -14.099592
v -16.959860 -2.057051 -14.800226
v -17.447428 -2.057051 -15.812673
v -17.447428 -2.057051 -16.936403
v -16.959860 -2.057051 -17.948851
v -16.081291 -2.057051 -18.649485
v -14.985735 -2.022553 -18.899538
v -13.890179 -2.022553 -18.649485
v -13.011610 -2.022553 -17.948851
v -12.524042 -2.022553 -16.936403
v -12.524042 -2.022553 -15.812673
v -13.011610 -2.022553 -14.800226
v -13.890179 -2.022553 -14.099592
v -14.985735 -2.022553 -13.849539
v -16.081291 -2.022553 -14.099592
v -16.959860 -2.022553 -14.800226
v -17.447428 -2.022553 -15.812673
v -17.447428 -2.022553 -16.936403
v -16.959860 -2.022553 -17.948851
v -16.081291 -2.022553 -18.649485
v -14.985735 -1.988055 -18.874550
v -14.985735 -1.988055 -13.874527
v -16.070450 -1.988055 -14.122107
v -16.940323 -1.988055 -14.815806
v -17.423065 -1.988055 -16.930843
v -16.940323 -1.988055 -17.933270
v -13.901026 -1.988055 -18.626961
v -13.031157 -1.988055 -17.933264
v -12.548415 -1.988055 -16.930841
v -12.548415 -1.988055 -15.818236
v -13.031157 -1.988055 -14.815814
v -13.901026 -1.988055 -14.122116
v -17.423054 -1.988055 -15.818236
v -16.070444 -1.988055 -18.626961
v -16.070450 0.352733 -14.122107
v -14.985735 0.352733 -13.874527
v -16.940323 0.352733 -14.815806
v -16.940323 0.352733 -17.933270
v -17.423065 0.352733 -16.930843
v -13.031157 0.352733 -17.933264
v -13.901026 0.352733 -18.626961
v -12.548415 0.352733 -16.930841
v -12.548415 0.352733 -15.818236
v -13.031157 0.352733 -14.815814
v -13.901026 0.352733 -14.122116
v -14.985735 0.352733 -18.874550
v -17.423054 0.352733 -15.818236
v -16.070444 0.352733 -18.626961
v -14.985735 0.352733 -18.874538
v -13.901026 0.352733 -18.626961
v -13.031157 0.352733 -17.933264
v -12.548415 0.352733 -16.930841
v -12.548415 0.352733 -15.818236
v -13.031157 0.352733 -14.815814
v -13.901026 0.352733 -14.122116
v -14.985735 0.352733 -13.874538
v -16.070444 0.352733 -14.122116
v -16.940313 0.352733 -14.815814
v -17.423054 0.352733 -15.818236
v -17.423054 0.352733 -16.930841
v -16.940313 0.352733 -17.933264
v -16.070444 0.352733 -18.626961
v -14.985735 0.387232 -18.899538
v -13.890179 0.387232 -18.649485
v -13.011610 0.387232 -17.948851
v -12.524042 0.387232 -16.936403
v -12.524042 0.387232 -15.812673
v -13.011610 0.387232 -14.800226
v -13.890179 0.387232 -14.099592
v -14.985735 0.387232 -13.849539
v -16.081291 0.387232 -14.099592
v -16.959860 0.387232 -14.800226
v -17.447428 0.387232 -15.812673
v -17.447428 0.387232 -16.936403
v -16.959860 0.387232 -17.948851
v -16.081291 0.387232 -18.649485
v -14.985735 0.421730 -18.899538
v -13.890179 0.421730 -18.649485
v -13.011610 0.421730 -17.948851
v -12.524042 0.421730 -16.936403
v -12.524042 0.421730 -15.812673
v -13.011610 0.421730 -14.800226
v -13.890179 0.421730 -14.099592
v -14.985735 0.421730 -13.849539
v -16.081291 0.421730 -14.099592
v -16.959860 0.421730 -14.800226
v -17.447428 0.421730 -15.812673
v -17.447428 0.421730 -16.936403
v -16.959860 0.421730 -17.948851
v -16.081291 0.421730 -18.649485
v -14.985735 0.456227 -18.874550
v -14.985735 0.456227 -13.874527
v -16.070450 0.456227 -14.122107
v -16.940323 0.456227 -14.815806
v -17.423065 0.456227 -16.930843
v -16.940323 0.456227 -17.933270
v -13.901026 0.456227 -18.626961
v -13.031157 0.456227 -17.933264
v -12.548415 0.456227 -16.930841
v -12.548415 0.456227 -15.818236
v -13.031157 0.456227 -14.815814
v -13.901026 0.456227 -14.122116
v -17.423054 0.456227 -15.818236
v -16.070444 0.456227 -18.626961
v -16.070450 2.797015 -14.122107
v -14.985735 2.797015 -13.874527
v -16.940323 2.797015 -14.815806
v -16.940323 2.797015 -17.933270
v -17.423065 2.797015 -16.930843
v -13.031157 2.797015 -17.933264
v -13.901026 2.797015 -18.626961
v -12.548415 2.797015 -16.930841
v -12.548415 2.797015 -15.818236
v -13.031157 2.797015 -14.815814
v -13.901026 2.797015 -14.122116
v -14.985735 2.797015 -18.874550
v -17.423054 2.797015 -15.818236
v -16.070444 2.797015 -18.626961
v -14.985735 2.797015 -18.874538
v -13.901026 2.797015 -18.626961
v -13.031157 2.797015 -17.933264
v -12.548415 2.797015 -16.930841
v -12.548415 2.797015 -15.818236
v -13.031157 2.797015 -14.815814
v -13.901026 2.797015 -14.122116
v -14.985735 2.797015 -13.874538
v -16.070444 2.797015 -14.122116
v -16.940313 2.797015 -14.815814
v -17.423054 2.797015 -15.818236
v -17.423054 2.797015 -16.930841
v -16.940313 2.797015 -17.933264
v -16.070444 2.797015 -18.626961
v -14.985735 2.831513 -18.899538
v -13.890179 2.831513 -18.649485
v -13.011610 2.831513 -17.948851
v -12.524042 2.831513 -16.936403
v -12.524042 2.831513 -15.812673
v -13.011610 2.831513 -14.800226
v -13.890179 2.831513 -14.099592
v -14.985735 2.831513 -13.849539
v -16.081291 2.831513 -14.099592
v -16.959860 2.831513 -14.800226
v -17.447428 2.831513 -15.812673
v -17.447428 2.831513 -16.936403
v -16.959860 2.831513 -17.948851
v -16.081291 2.831513 -18.649485
v -14.985735 2.866012 -18.899538
v -13.890179 2.866012 -18.649485
v -13.011610 2.866012 -17.948851
v -12.524042 2.866012 -16.936403
v -12.524042 2.866012 -15.812673
v -13.011610 2.866012 -14.800226
v -13.890179 2.866012 -14.099592
v -14.985735 2.866012 -13.849539
v -16.081291 2.866012 -14.099592
v -16.959860 2.866012 -14.800226
v -17.447428 2.866012 -15.812673
v -17.447428 2.866012 -16.936403
v -16.959860 2.866012 -17.948851
v -16.081291 2.866012 -18.649485
v -14.985735 2.900509 -18.874550
v -14.985735 2.900509 -13.874527
v -16.070450 2.900509 -14.122107
v -16.940323 2.900509 -14.815806
v -17.423065 2.900509 -16.930843
v -16.940323 2.900509 -17.933270
v -13.901026 2.900509 -18.626961
v -13.031157 2.900509 -17.933264
v -12.548415 2.900509 -16.930841
v -12.548415 2.900509 -15.818236
v -13.031157 2.900509 -14.815814
v -13.901026 2.900509 -14.122116
v -17.423054 2.900509 -15.818236
v -16.070444 2.900509 -18.626961
v -14.985735 2.900509 -18.830746
v -14.985735 2.900509 -13.918329
v -16.051443 2.900509 -14.161572
v -16.906076 2.900509 -14.843117
v -17.380362 2.900509 -16.921097
v -16.906076 2.900509 -17.905960
v -13.920031 2.900509 -18.587496
v -13.065403 2.900509 -17.905952
v -12.591120 2.900509 -16.921093
v -12.591120 2.900509 -15.827983
v -13.065403 2.900509 -14.843124
v -13.920031 2.900509 -14.161581
v -17.380350 2.900509 -15.827983
v -16.051439 2.900509 -18.587496
v -14.985735 2.866012 -18.796593
v -14.985735 2.866012 -13.952484
v -16.036625 2.866012 -14.192343
v -16.879374 2.866012 -14.864412
v -17.347063 2.866012 -16.913496
v -16.879374 2.866012 -17.884665
v -13.934850 2.866012 -18.556725
v -13.092106 2.866012 -17.884657
v -12.624418 2.866012 -16.913494
v -12.624418 2.866012 -15.835583
v -13.092106 2.866012 -14.864419
v -13.934850 2.866012 -14.192353
v -17.347052 2.866012 -15.835583
v -16.036619 2.866012 -18.556725
v -14.985735 2.831513 -18.796593
v -14.985735 2.831513 -13.952484
v -16.036625 2.831513 -14.192343
v -16.879374 2.831513 -14.864412
v -17.347063 2.831513 -16.913496
v -16.879374 2.831513 -17.884665
v -13.934850 2.831513 -18.556725
v -13.092106 2.831513 -17.884657
v -12.624418 2.831513 -16.913494
v -12.624418 2.831513 -15.835583
v -13.092106 2.831513 -14.864419
v -13.934850 2.831513 -14.192353
v -17.347052 2.831513 -15.835583
v -16.036619 2.831513 -18.556725
v -14.985735 2.797015 -18.833084
v -14.985735 2.797015 -13.915993
v -16.052458 2.797015 -14.159465
v -16.907904 2.797015 -14.841660
v -17.382641 2.797015 -16.921616
v -16.907904 2.797015 -17.907417
v -13.919017 2.797015 -18.589602
v -13.063576 2.797015 -17.907410
v -12.588840 2.797015 -16.921614
v -12.588840 2.797015 -15.827463
v -13.063576 2.797015 -14.841667
v -13.919017 2.797015 -14.159475
v -17.382629 2.797015 -15.827463
v -16.052454 2.797015 -18.589602
v -14.985735 -4.560159 -18.833084
v -14.985735 -4.560159 -13.915993
v -16.052458 -4.560159 -14.159465
v -16.907904 -4.560159 -14.841660
v -17.382641 -4.560159 -16.921616
v -16.907904 -4.560159 -17.907417
v -13.919017 -4.560159 -18.589602
v -13.063576 -4.560159 -17.907410
v -12.588840 -4.560159 -16.921614
v -12.588840 -4.560159 -15.827463
v -13.063576 -4.560159 -14.841667
v -13.919017 -4.560159 -14.159475
v -17.382629 -4.560159 -15.827463
v -16.052454 -4.560159 -18.589602
vn 0.2225 -0.0000 -0.9749
vn 0.6235 -0.0000 -0.7818
vn 0.9010 -0.0000 -0.4339
vn 1.0000 -0.0000 -0.0000
vn 0.9010 -0.0000 0.4339
vn 0.6235 -0.0000 0.7818
vn 0.2225 -0.0000 0.9749
vn -0.2225 -0.0000 0.9749
vn -0.6235 -0.0000 0.7818
vn -0.9010 -0.0000 0.4339
vn -1.0000 -0.0000 -0.0000
vn -0.9010 -0.0000 -0.4339
vn 0.1817 -0.5770 -0.7963
vn -0.6235 -0.0000 -0.7818
vn -0.2225 -0.0000 -0.9749
vn 0.5613 0.4355 0.7038
vn -0.9002 0.4355 -0.0000
vn 0.9002 0.4355 -0.0000
vn -0.5613 0.4355 0.7038
vn -0.2003 0.4355 -0.8776
vn 0.5613 0.4355 -0.7038
vn 0.2003 0.4355 0.8776
vn -0.8110 0.4355 -0.3906
vn 0.8110 0.4355 0.3906
vn -0.8110 0.4355 0.3906
vn 0.8110 0.4355 -0.3906
vn -0.2003 0.4355 0.8776
vn 0.2003 0.4355 -0.8776
vn -0.5613 0.4355 -0.7038
vn -0.1752 -0.6166 -0.7676
vn -0.0000 -1.0000 -0.0000
vn 0.1752 -0.6166 0.7676
vn -0.1752 -0.6166 0.7676
vn 0.1752 -0.6166 -0.7676
vn -0.4909 -0.6166 0.6155
vn 0.4909 -0.6166 -0.6155
vn -0.7093 -0.6166 0.3416
vn 0.7093 -0.6166 -0.3416
vn -0.7873 -0.6166 -0.0000
vn 0.7873 -0.6166 -0.0000
vn -0.7093 -0.6166 -0.3416
vn 0.7093 -0.6166 0.3416
vn -0.4909 -0.6166 -0.6155
vn 0.4909 -0.6166 0.6155
vn -0.5092 -0.5770 -0.6385
vn 0.5092 -0.5770 0.6385
vn -0.8167 -0.5770 -0.0000
vn 0.8167 -0.5770 -0.0000
vn -0.5092 -0.5770 0.6385
vn -0.1817 -0.5770 -0.7963
vn 0.5092 -0.5770 -0.6385
vn 0.1817 -0.5770 0.7963
vn -0.7358 -0.5770 -0.3544
vn 0.7358 -0.5770 0.3544
vn -0.7358 -0.5770 0.3544
vn 0.7358 -0.5770 -0.3544
vn -0.1817 -0.5770 0.7963
vn -0.5093 0.5768 0.6386
vn 0.5092 0.5770 -0.6385
vn -0.7359 0.5769 0.3544
vn 0.7358 0.5770 -0.3544
vn -0.8168 0.5769 -0.0000
vn 0.8167 0.5770 -0.0000
vn -0.7360 0.5768 -0.3544
vn 0.7358 0.5770 0.3544
vn -0.5093 0.5769 -0.6386
vn 0.5092 0.5770 0.6385
vn -0.1818 0.5769 -0.7963
vn 0.1818 0.5769 0.7963
vn -0.1818 0.5768 0.7964
vn 0.1818 0.5769 -0.7963
vn -0.5093 0.5769 0.6386
vn -0.7360 0.5769 -0.3544
vn 0.7359 -0.5770 0.3544
vn -0.7359 -0.5770 0.3544
vn -0.7359 0.5769 -0.3544
vn -0.1818 0.5769 0.7964
vn -0.0000 1.0000 -0.0000
vn -0.1601 0.6945 0.7015
vn 0.4486 0.6945 -0.5625
vn -0.1601 0.6945 -0.7015
vn 0.6482 0.6945 0.3122
vn 0.6483 0.6945 -0.3122
vn -0.4486 0.6945 0.5625
vn 0.7195 0.6945 -0.0000
vn -0.6483 0.6945 0.3122
vn 0.4486 0.6945 0.5625
vn -0.7195 0.6945 -0.0000
vn 0.1601 0.6945 0.7015
vn -0.6482 0.6945 -0.3122
vn -0.4486 0.6945 -0.5625
vn 0.1601 0.6945 -0.7015
vn 0.6961 -0.7179 -0.0000
vn -0.6272 -0.7179 0.3020
vn 0.4340 -0.7179 0.5443
vn -0.6961 -0.7179 -0.0000
vn 0.1549 -0.7179 0.6787
vn -0.6272 -0.7179 -0.3020
vn -0.4340 -0.7179 -0.5443
vn 0.1549 -0.7179 -0.6787
vn -0.1549 -0.7179 0.6787
vn 0.4340 -0.7179 -0.5443
vn -0.1549 -0.7179 -0.6787
vn 0.6272 -0.7179 0.3020
vn 0.6272 -0.7179 -0.3020
vn -0.4340 -0.7179 0.5443
vt 1.000000 0.500000
vt 1.000000 1.000000
vt 0.928571 1.000000
vt 0.928571 0.500000
vt 0.857143 1.000000
vt 0.857143 0.500000
vt 0.785714 1.000000
vt 0.785714 0.500000
vt 0.714286 1.000000
vt 0.714286 0.500000
vt 0.642857 1.000000
vt 0.642857 0.500000
vt 0.571428 1.000000
vt 0.571428 0.500000
vt 0.500000 1.000000
vt 0.500000 0.500000
vt 0.428571 1.000000
vt 0.428571 0.500000
vt 0.357143 1.000000
vt 0.357143 0.500000
vt 0.285714 1.000000
vt 0.285714 0.500000
vt 0.214286 1.000000
vt 0.214286 0.500000
vt 0.142857 1.000000
vt 0.142857 0.500000
vt 0.071428 1.000000
vt 0.071428 0.500000
vt -0.000000 1.000000
vt -0.000000 0.500000
vt 0.750000 0.490000
vt 0.854132 0.466233
vt 0.937640 0.399638
vt 0.983983 0.303405
vt 0.983983 0.196595
vt 0.937640 0.100362
vt 0.854132 0.033767
vt 0.750000 0.010000
vt 0.645868 0.033767
vt 0.562360 0.100362
vt 0.516017 0.196595
vt 0.516017 0.303405
vt 0.562360 0.399638
vt 0.645868 0.466233
s 0
usemtl Material.005
f 352/136/203 353/137/203 355/138/203 354/139/203
f 354/139/204 355/138/204 357/140/204 356/141/204
f 356/141/205 357/140/205 359/142/205 358/143/205
f 358/143/206 359/142/206 361/144/206 360/145/206
f 360/145/207 361/144/207 363/146/207 362/147/207
f 362/147/208 363/146/208 365/148/208 364/149/208
f 364/149/209 365/148/209 367/150/209 366/151/209
f 366/151/210 367/150/210 369/152/210 368/153/210
f 368/153/211 369/152/211 371/154/211 370/155/211
f 370/155/212 371/154/212 373/156/212 372/157/212
f 372/157/213 373/156/213 375/158/213 374/159/213
f 374/159/214 375/158/214 377/160/214 376/161/214
f 355/138/215 353/137/215 422/137/215 423/138/215
f 376/161/216 377/160/216 379/162/216 378/163/216
f 378/163/217 379/162/217 353/164/217 352/165/217
f 362/147/218 364/149/218 386/149/218 385/147/218
f 391/159/214 392/161/214 406/161/214 405/159/214
f 372/157/219 374/159/219 391/159/219 390/157/219
f 358/143/220 360/145/220 384/145/220 383/143/220
f 368/153/221 370/155/221 389/155/221 388/153/221
f 378/163/222 352/165/222 380/165/222 393/163/222
f 354/139/223 356/141/223 382/141/223 381/139/223
f 364/149/224 366/151/224 387/151/224 386/149/224
f 374/159/225 376/161/225 392/161/225 391/159/225
f 360/145/226 362/147/226 385/147/226 384/145/226
f 370/155/227 372/157/227 390/157/227 389/155/227
f 356/141/228 358/143/228 383/143/228 382/141/228
f 366/151/229 368/153/229 388/153/229 387/151/229
f 352/136/230 354/139/230 381/139/230 380/136/230
f 376/161/231 378/163/231 393/163/231 392/161/231
f 407/163/232 394/165/232 408/165/232 421/163/232
f 384/145/207 385/147/207 399/147/207 398/145/207
f 392/161/216 393/163/216 407/163/216 406/161/216
f 385/147/208 386/149/208 400/149/208 399/147/208
f 393/163/217 380/165/217 394/165/217 407/163/217
f 386/149/209 387/151/209 401/151/209 400/149/209
f 387/151/210 388/153/210 402/153/210 401/151/210
f 380/136/203 381/139/203 395/139/203 394/136/203
f 388/153/211 389/155/211 403/155/211 402/153/211
f 381/139/204 382/141/204 396/141/204 395/139/204
f 389/155/212 390/157/212 404/157/212 403/155/212
f 382/141/205 383/143/205 397/143/205 396/141/205
f 390/157/213 391/159/213 405/159/213 404/157/213
f 383/143/206 384/145/206 398/145/206 397/143/206
f 408/166/233 409/167/233 410/168/233 411/169/233 412/170/233 413/171/233 414/172/233 415/173/233 416/174/233 417/175/233 418/176/233 419/177/233 420/178/233 421/179/233
f 400/149/234 401/151/234 415/151/234 414/149/234
f 401/151/235 402/153/235 416/153/235 415/151/235
f 394/136/236 395/139/236 409/139/236 408/136/236
f 402/153/237 403/155/237 417/155/237 416/153/237
f 395/139/238 396/141/238 410/141/238 409/139/238
f 403/155/239 404/157/239 418/157/239 417/155/239
f 396/141/240 397/143/240 411/143/240 410/141/240
f 404/157/241 405/159/241 419/159/241 418/157/241
f 397/143/242 398/145/242 412/145/242 411/143/242
f 405/159/243 406/161/243 420/161/243 419/159/243
f 398/145/244 399/147/244 413/147/244 412/145/244
f 406/161/245 407/163/245 421/163/245 420/161/245
f 399/147/246 400/149/246 414/149/246 413/147/246
f 424/140/204 423/138/204 437/138/204 438/140/204
f 379/162/247 377/160/247 434/160/247 435/162/247
f 365/148/248 363/146/248 427/146/248 428/148/248
f 375/158/249 373/156/249 432/156/249 433/158/249
f 361/144/250 359/142/250 425/142/250 426/144/250
f 371/154/251 369/152/251 430/152/251 431/154/251
f 353/164/252 379/162/252 435/162/252 422/164/252
f 357/140/253 355/138/253 423/138/253 424/140/253
f 367/150/254 365/148/254 428/148/254 429/150/254
f 377/160/255 375/158/255 433/158/255 434/160/255
f 363/146/256 361/144/256 426/144/256 427/146/256
f 373/156/257 371/154/257 431/154/257 432/156/257
f 359/142/258 357/140/258 424/140/258 425/142/258
f 369/152/259 367/150/259 429/150/259 430/152/259
f 445/154/260 444/152/260 452/152/260 453/154/260
f 432/156/212 431/154/212 445/154/212 446/156/212
f 425/142/205 424/140/205 438/140/205 439/142/205
f 433/158/213 432/156/213 446/156/213 447/158/213
f 426/144/206 425/142/206 439/142/206 440/144/206
f 434/160/214 433/158/214 447/158/214 448/160/214
f 427/146/207 426/144/207 440/144/207 441/146/207
f 435/162/216 434/160/216 448/160/216 449/162/216
f 428/148/208 427/146/208 441/146/208 442/148/208
f 422/164/217 435/162/217 449/162/217 436/164/217
f 429/150/209 428/148/209 442/148/209 443/150/209
f 430/152/210 429/150/210 443/150/210 444/152/210
f 423/138/203 422/137/203 436/137/203 437/138/203
f 431/154/211 430/152/211 444/152/211 445/154/211
f 461/148/208 460/146/208 473/146/208 474/148/208
f 438/140/261 437/138/261 456/138/261 457/140/261
f 446/156/262 445/154/262 453/154/262 462/156/262
f 439/142/263 438/140/263 457/140/263 458/142/263
f 447/158/264 446/156/264 462/156/264 454/158/264
f 440/144/265 439/142/265 458/142/265 459/144/265
f 448/160/266 447/158/266 454/158/266 455/160/266
f 441/146/267 440/144/267 459/144/267 460/146/267
f 449/162/268 448/160/268 455/160/268 463/162/268
f 442/148/269 441/146/269 460/146/269 461/148/269
f 436/164/270 449/162/270 463/162/270 450/164/270
f 443/150/271 442/148/271 461/148/271 451/150/271
f 444/152/272 443/150/272 451/150/272 452/152/272
f 437/138/273 436/137/273 450/137/273 456/138/273
f 456/138/203 450/137/203 475/137/203 470/138/203
f 452/152/210 451/150/210 465/150/210 464/152/210
f 451/150/209 461/148/209 474/148/209 465/150/209
f 453/154/211 452/152/211 464/152/211 466/154/211
f 462/156/212 453/154/212 466/154/212 476/156/212
f 457/140/204 456/138/204 470/138/204 469/140/204
f 455/160/214 454/158/214 468/158/214 467/160/214
f 454/158/213 462/156/213 476/156/213 468/158/213
f 458/142/205 457/140/205 469/140/205 471/142/205
f 463/162/216 455/160/216 467/160/216 477/162/216
f 459/144/206 458/142/206 471/142/206 472/144/206
f 450/164/217 463/162/217 477/162/217 475/164/217
f 460/146/207 459/144/207 472/144/207 473/146/207
f 479/138/215 478/137/215 492/137/215 493/138/215
f 494/140/204 493/138/204 507/138/204 508/140/204
f 491/162/247 490/160/247 504/160/247 505/162/247
f 484/148/248 483/146/248 497/146/248 498/148/248
f 489/158/249 488/156/249 502/156/249 503/158/249
f 482/144/250 481/142/250 495/142/250 496/144/250
f 487/154/251 486/152/251 500/152/251 501/154/251
f 478/164/252 491/162/252 505/162/252 492/164/252
f 480/140/253 479/138/253 493/138/253 494/140/253
f 485/150/254 484/148/254 498/148/254 499/150/254
f 490/160/255 489/158/255 503/158/255 504/160/255
f 483/146/256 482/144/256 496/144/256 497/146/256
f 488/156/257 487/154/257 501/154/257 502/156/257
f 481/142/258 480/140/258 494/140/258 495/142/258
f 486/152/259 485/150/259 499/150/259 500/152/259
f 515/154/274 514/152/274 522/152/274 523/154/274
f 502/156/212 501/154/212 515/154/212 516/156/212
f 495/142/205 494/140/205 508/140/205 509/142/205
f 503/158/213 502/156/213 516/156/213 517/158/213
f 496/144/206 495/142/206 509/142/206 510/144/206
f 504/160/214 503/158/214 517/158/214 518/160/214
f 497/146/207 496/144/207 510/144/207 511/146/207
f 505/162/216 504/160/216 518/160/216 519/162/216
f 498/148/208 497/146/208 511/146/208 512/148/208
f 492/164/217 505/162/217 519/162/217 506/164/217
f 499/150/209 498/148/209 512/148/209 513/150/209
f 500/152/210 499/150/210 513/150/210 514/152/210
f 493/138/203 492/137/203 506/137/203 507/138/203
f 501/154/211 500/152/211 514/152/211 515/154/211
f 531/148/208 530/146/208 543/146/208 544/148/208
f 508/140/261 507/138/261 526/138/261 527/140/261
f 516/156/262 515/154/262 523/154/262 532/156/262
f 509/142/263 508/140/263 527/140/263 528/142/263
f 517/158/264 516/156/264 532/156/264 524/158/264
f 510/144/265 509/142/265 528/142/265 529/144/265
f 518/160/275 517/158/275 524/158/275 525/160/275
f 511/146/267 510/144/267 529/144/267 530/146/267
f 519/162/268 518/160/268 525/160/268 533/162/268
f 512/148/269 511/146/269 530/146/269 531/148/269
f 506/164/270 519/162/270 533/162/270 520/164/270
f 513/150/271 512/148/271 531/148/271 521/150/271
f 514/152/272 513/150/272 521/150/272 522/152/272
f 507/138/273 506/137/273 520/137/273 526/138/273
f 526/138/203 520/137/203 545/137/203 540/138/203
f 522/152/210 521/150/210 535/150/210 534/152/210
f 521/150/209 531/148/209 544/148/209 535/150/209
f 523/154/211 522/152/211 534/152/211 536/154/211
f 532/156/212 523/154/212 536/154/212 546/156/212
f 527/140/204 526/138/204 540/138/204 539/140/204
f 525/160/214 524/158/214 538/158/214 537/160/214
f 524/158/213 532/156/213 546/156/213 538/158/213
f 528/142/205 527/140/205 539/140/205 541/142/205
f 533/162/216 525/160/216 537/160/216 547/162/216
f 529/144/206 528/142/206 541/142/206 542/144/206
f 520/164/217 533/162/217 547/162/217 545/164/217
f 530/146/207 529/144/207 542/144/207 543/146/207
f 549/138/215 548/137/215 562/137/215 563/138/215
f 564/140/204 563/138/204 577/138/204 578/140/204
f 561/162/247 560/160/247 574/160/247 575/162/247
f 554/148/248 553/146/248 567/146/248 568/148/248
f 559/158/249 558/156/249 572/156/249 573/158/249
f 552/144/250 551/142/250 565/142/250 566/144/250
f 557/154/251 556/152/251 570/152/251 571/154/251
f 548/164/252 561/162/252 575/162/252 562/164/252
f 550/140/253 549/138/253 563/138/253 564/140/253
f 555/150/254 554/148/254 568/148/254 569/150/254
f 560/160/255 559/158/255 573/158/255 574/160/255
f 553/146/276 552/144/276 566/144/276 567/146/276
f 558/156/277 557/154/277 571/154/277 572/156/277
f 551/142/258 550/140/258 564/140/258 565/142/258
f 556/152/259 555/150/259 569/150/259 570/152/259
f 585/154/274 584/152/274 592/152/274 593/154/274
f 572/156/212 571/154/212 585/154/212 586/156/212
f 565/142/205 564/140/205 578/140/205 579/142/205
f 573/158/213 572/156/213 586/156/213 587/158/213
f 566/144/206 565/142/206 579/142/206 580/144/206
f 574/160/214 573/158/214 587/158/214 588/160/214
f 567/146/207 566/144/207 580/144/207 581/146/207
f 575/162/216 574/160/216 588/160/216 589/162/216
f 568/148/208 567/146/208 581/146/208 582/148/208
f 562/164/217 575/162/217 589/162/217 576/164/217
f 569/150/209 568/148/209 582/148/209 583/150/209
f 570/152/210 569/150/210 583/150/210 584/152/210
f 563/138/203 562/137/203 576/137/203 577/138/203
f 571/154/211 570/152/211 584/152/211 585/154/211
f 578/140/261 577/138/261 596/138/261 597/140/261
f 586/156/262 585/154/262 593/154/262 602/156/262
f 579/142/263 578/140/263 597/140/263 598/142/263
f 587/158/264 586/156/264 602/156/264 594/158/264
f 580/144/265 579/142/265 598/142/265 599/144/265
f 588/160/278 587/158/278 594/158/278 595/160/278
f 581/146/267 580/144/267 599/144/267 600/146/267
f 589/162/268 588/160/268 595/160/268 603/162/268
f 582/148/269 581/146/269 600/146/269 601/148/269
f 576/164/270 589/162/270 603/162/270 590/164/270
f 583/150/271 582/148/271 601/148/271 591/150/271
f 584/152/279 583/150/279 591/150/279 592/152/279
f 577/138/273 576/137/273 590/137/273 596/138/273
f 596/138/280 590/137/280 604/137/280 610/138/280
f 592/152/280 591/150/280 605/150/280 606/152/280
f 591/150/280 601/148/280 615/148/280 605/150/280
f 593/154/280 592/152/280 606/152/280 607/154/280
f 602/156/280 593/154/280 607/154/280 616/156/280
f 597/140/280 596/138/280 610/138/280 611/140/280
f 595/160/280 594/158/280 608/158/280 609/160/280
f 594/158/280 602/156/280 616/156/280 608/158/280
f 598/142/280 597/140/280 611/140/280 612/142/280
f 603/162/280 595/160/280 609/160/280 617/162/280
f 599/144/280 598/142/280 612/142/280 613/144/280
f 590/164/280 603/162/280 617/162/280 604/164/280
f 600/146/280 599/144/280 613/144/280 614/146/280
f 601/148/280 600/146/280 614/146/280 615/148/280
f 610/138/281 604/137/281 618/137/281 624/138/281
f 607/154/282 606/152/282 620/152/282 621/154/282
f 605/150/283 615/148/283 629/148/283 619/150/283
f 609/160/284 608/158/284 622/158/284 623/160/284
f 616/156/285 607/154/285 621/154/285 630/156/285
f 611/140/286 610/138/286 624/138/286 625/140/286
f 608/158/287 616/156/287 630/156/287 622/158/287
f 612/142/288 611/140/288 625/140/288 626/142/288
f 617/162/289 609/160/289 623/160/289 631/162/289
f 613/144/290 612/142/290 626/142/290 627/144/290
f 604/164/291 617/162/291 631/162/291 618/164/291
f 614/146/292 613/144/292 627/144/292 628/146/292
f 615/148/293 614/146/293 628/146/293 629/148/293
f 606/152/294 605/150/294 619/150/294 620/152/294
f 623/160/207 622/158/207 636/158/207 637/160/207
f 630/156/205 621/154/205 635/154/205 644/156/205
f 625/140/211 624/138/211 638/138/211 639/140/211
f 622/158/206 630/156/206 644/156/206 636/158/206
f 626/142/212 625/140/212 639/140/212 640/142/212
f 631/162/208 623/160/208 637/160/208 645/162/208
f 627/144/213 626/142/213 640/142/213 641/144/213
f 618/164/209 631/162/209 645/162/209 632/164/209
f 628/146/214 627/144/214 641/144/214 642/146/214
f 629/148/216 628/146/216 642/146/216 643/148/216
f 620/152/203 619/150/203 633/150/203 634/152/203
f 624/138/210 618/137/210 632/137/210 638/138/210
f 621/154/204 620/152/204 634/152/204 635/154/204
f 619/150/217 629/148/217 643/148/217 633/150/217
f 636/158/295 644/156/295 658/156/295 650/158/295
f 640/142/296 639/140/296 653/140/296 654/142/296
f 645/162/297 637/160/297 651/160/297 659/162/297
f 641/144/298 640/142/298 654/142/298 655/144/298
f 632/164/299 645/162/299 659/162/299 646/164/299
f 642/146/300 641/144/300 655/144/300 656/146/300
f 643/148/301 642/146/301 656/146/301 657/148/301
f 634/152/302 633/150/302 647/150/302 648/152/302
f 638/138/303 632/137/303 646/137/303 652/138/303
f 635/154/304 634/152/304 648/152/304 649/154/304
f 633/150/305 643/148/305 657/148/305 647/150/305
f 637/160/306 636/158/306 650/158/306 651/160/306
f 644/156/307 635/154/307 649/154/307 658/156/307
f 639/140/308 638/138/308 652/138/308 653/140/308
f 655/144/213 654/142/213 668/142/213 669/144/213
f 646/164/209 659/162/209 673/162/209 660/164/209
f 656/146/214 655/144/214 669/144/214 670/146/214
f 657/148/216 656/146/216 670/146/216 671/148/216
f 648/152/203 647/150/203 661/150/203 662/152/203
f 652/138/210 646/137/210 660/137/210 666/138/210
f 649/154/204 648/152/204 662/152/204 663/154/204
f 647/150/217 657/148/217 671/148/217 661/150/217
f 651/160/207 650/158/207 664/158/207 665/160/207
f 658/156/205 649/154/205 663/154/205 672/156/205
f 653/140/211 652/138/211 666/138/211 667/140/211
f 650/158/206 658/156/206 672/156/206 664/158/206
f 654/142/212 653/140/212 667/140/212 668/142/212
f 659/162/208 651/160/208 665/160/208 673/162/208
f 662/152/280 661/150/280 671/148/280 670/146/280 669/144/280 668/142/280 667/140/280 666/138/280 660/164/280 673/162/280 665/160/280 664/158/280 672/156/280 663/154/280
o floor.001
v -20.000000 -5.000000 19.799999
v -20.000000 -5.000000 20.199999
v -20.000000 12.000000 19.800001
v -20.000000 12.000000 20.200001
v 52.350060 -5.000000 19.799999
v 52.350060 -5.000000 20.199999
v 52.350060 12.000000 19.800001
v 52.350060 12.000000 20.200001
v -20.000000 12.500000 20.200001
v -20.000000 12.500000 19.800001
v 52.350060 12.500000 19.800001
v 52.350060 12.500000 20.200001
v -20.000000 36.763798 20.200001
v -20.000000 36.763798 19.800001
v 52.350060 36.763798 19.800001
v 52.350060 36.763798 20.200001
v 52.350060 12.000000 19.650002
v -20.000000 12.000000 19.650002
v 52.350060 12.500000 19.650002
v -20.000000 12.500000 19.650002
vn -1.0000 -0.0000 -0.0000
vn -0.0000 -0.0000 1.0000
vn 1.0000 -0.0000 -0.0000
vn -0.0000 -1.0000 -0.0000
vn -0.0000 -0.0000 -1.0000
vn -0.0000 1.0000 -0.0000
vt 0.375000 0.000000
vt 0.625000 0.000000
vt 0.625000 0.250000
vt 0.375000 0.250000
vt 0.875000 0.500000
vt 0.625000 0.500000
vt 0.375000 0.500000
vt 0.625000 0.750000
vt 0.375000 0.750000
vt 0.625000 1.000000
vt 0.375000 1.000000
vt 0.125000 0.500000
vt 0.125000 0.750000
vt 0.875000 0.750000
s 0
usemtl Wall
f 674/180/309 675/181/309 677/182/309 676/183/309
f 677/184/310 681/185/310 685/185/310 682/184/310
f 680/186/311 681/185/311 679/187/311 678/188/311
f 678/188/312 679/187/312 675/189/312 674/190/312
f 676/191/313 680/186/313 678/188/313 674/192/313
f 681/185/310 677/184/310 675/193/310 679/187/310
f 685/185/311 684/186/311 688/186/311 689/185/311
f 676/183/309 677/182/309 682/182/309 683/183/309
f 681/185/311 680/186/311 684/186/311 685/185/311
f 680/186/312 676/191/312 691/191/312 690/186/312
f 687/183/314 686/182/314 689/185/314 688/186/314
f 684/186/313 683/191/313 687/191/313 688/186/313
f 682/184/310 685/185/310 689/185/310 686/184/310
f 683/183/309 682/182/309 686/182/309 687/183/309
f 690/186/313 691/191/313 693/191/313 692/186/313
f 683/191/314 684/186/314 692/186/314 693/191/314
f 676/183/309 683/183/309 693/183/309 691/183/309
f 684/186/311 680/186/311 690/186/311 692/186/311
o floor.002
v -20.200001 -5.000000 20.000000
v -19.799999 -5.000000 20.000000
v -20.199999 12.000000 20.000000
v -19.799999 12.000000 20.000000
v -20.200001 -5.000000 -97.603699
v -19.800001 -5.000000 -97.603699
v -20.200001 12.000000 -97.603699
v -19.799999 12.000000 -97.603699
v -19.799999 12.500000 20.000000
v -20.199999 12.500000 20.000000
v -20.199999 12.500000 -97.603699
v -19.799999 12.500000 -97.603699
v -19.799997 36.763798 20.000000
v -20.199997 36.763798 20.000000
v -20.199999 36.763798 -97.603699
v -19.799999 36.763798 -97.603699
v -19.649998 12.000000 20.000000
v -19.650000 12.000000 -97.603699
v -19.649998 12.500000 20.000000
v -19.650000 12.500000 -97.603699
vn -0.0000 -0.0000 1.0000
vn -0.0000 -0.0000 -1.0000
vn -0.0000 -1.0000 -0.0000
vn -1.0000 -0.0000 -0.0000
vn 1.0000 -0.0000 -0.0000
vn -0.0000 1.0000 -0.0000
vt 0.375000 0.000000
vt 0.625000 0.000000
vt 0.625000 0.250000
vt 0.375000 0.250000
vt 0.625000 0.500000
vt 0.375000 0.500000
vt 0.625000 0.750000
vt 0.375000 0.750000
vt 0.625000 1.000000
vt 0.375000 1.000000
vt 0.125000 0.500000
vt 0.125000 0.750000
vt 0.875000 0.500000
vt 0.875000 0.750000
s 0
usemtl Wall
f 694/194/315 695/195/315 697/196/315 696/197/315
f 701/198/316 700/199/316 704/199/316 705/198/316
f 700/199/316 701/198/316 699/200/316 698/201/316
f 698/201/317 699/200/317 695/202/317 694/203/317
f 696/204/318 700/199/318 698/201/318 694/205/318
f 701/198/319 697/206/319 695/207/319 699/200/319
f 705/198/316 704/199/316 708/199/316 709/198/316
f 700/199/318 696/204/318 703/204/318 704/199/318
f 705/198/320 702/206/320 712/206/320 713/198/320
f 696/197/315 697/196/315 702/196/315 703/197/315
f 707/197/320 706/196/320 709/198/320 708/199/320
f 704/199/318 703/204/318 707/204/318 708/199/318
f 702/206/319 705/198/319 709/198/319 706/206/319
f 703/197/315 702/196/315 706/196/315 707/197/315
f 710/206/319 711/198/319 713/198/319 712/206/319
f 702/196/315 697/196/315 710/196/315 712/196/315
f 701/198/316 705/198/316 713/198/316 711/198/316
f 697/206/317 701/198/317 711/198/317 710/206/317
o Welder
v -14.990732 1.983871 -8.319073
v -13.825577 1.986141 -8.525802
v -14.957251 1.984318 -8.096820
v -13.731560 1.986694 -8.321349
v -14.990150 1.724675 -8.318640
v -13.824995 1.726945 -8.525368
v -14.956669 1.725122 -8.096387
v -13.730978 1.727498 -8.320915
v -16.073462 1.894447 -6.599549
v -16.083736 1.854692 -6.601912
v -16.094362 1.854374 -6.777957
v -16.096540 1.854480 -6.711716
v -16.077555 1.919408 -6.774091
v -16.081413 1.913011 -6.708237
v -16.031342 1.967106 -6.763313
v -16.039822 1.955939 -6.698536
v -15.968106 1.984687 -6.748510
v -15.982909 1.971761 -6.685214
v -15.904793 1.967440 -6.733649
v -15.925927 1.956239 -6.671838
v -15.858365 1.919986 -6.722711
v -15.884143 1.913531 -6.661994
v -15.841265 1.855041 -6.718628
v -15.868752 1.855081 -6.658320
v -15.858073 1.790007 -6.722494
v -15.883881 1.796550 -6.661799
v -15.904287 1.742309 -6.733272
v -15.925472 1.753622 -6.671499
v -15.967523 1.724728 -6.748075
v -15.982384 1.737799 -6.684822
v -16.030836 1.741976 -6.762936
v -16.039366 1.753321 -6.698197
v -16.077263 1.789429 -6.773874
v -16.081150 1.796029 -6.708041
v -16.045212 1.923605 -6.592961
v -16.006557 1.934352 -6.583911
v -15.967854 1.923809 -6.574827
v -15.939473 1.894801 -6.568141
v -15.929020 1.855100 -6.565645
v -15.939295 1.815345 -6.568008
v -15.967545 1.786188 -6.574596
v -16.006201 1.775441 -6.583646
v -16.044903 1.785984 -6.592731
v -16.073284 1.814992 -6.599416
v -15.962374 1.854681 -6.771499
v -15.984603 1.853837 -7.246189
v -15.967794 1.918871 -7.242323
v -15.921581 1.966569 -7.231545
v -15.858345 1.984149 -7.216742
v -15.795032 1.966902 -7.201880
v -15.748605 1.919449 -7.190943
v -15.731504 1.854504 -7.186860
v -15.748313 1.789470 -7.190725
v -15.794527 1.741772 -7.201504
v -15.857761 1.724191 -7.216307
v -15.921076 1.741438 -7.231168
v -15.967503 1.788892 -7.242105
v -15.919150 1.853897 -7.297597
v -15.909065 1.892918 -7.295278
v -15.881337 1.921537 -7.288811
v -15.843396 1.932085 -7.279929
v -15.805408 1.921737 -7.271012
v -15.777552 1.893265 -7.264450
v -15.767292 1.854298 -7.262000
v -15.777377 1.815277 -7.264319
v -15.805105 1.786659 -7.270786
v -15.843046 1.776110 -7.279668
v -15.881034 1.786458 -7.288585
v -15.908891 1.814931 -7.295147
v -15.789890 1.853299 -7.828589
v -15.781225 1.892322 -7.822948
v -15.757378 1.920947 -7.807405
v -15.724736 1.931504 -7.786126
v -15.692049 1.921165 -7.764811
v -15.668073 1.892699 -7.749173
v -15.659233 1.853735 -7.743401
v -15.667898 1.814712 -7.749043
v -15.691746 1.786087 -7.764585
v -15.724386 1.775530 -7.785865
v -15.757074 1.785869 -7.807179
v -15.781050 1.814335 -7.822817
v -15.441206 1.853635 -8.095305
v -15.436678 1.892655 -8.085997
v -15.424133 1.921272 -8.060435
v -15.406932 1.931817 -8.025469
v -15.389685 1.921466 -7.990469
v -15.377011 1.892992 -7.964811
v -15.372309 1.854024 -7.955372
v -15.376837 1.815004 -7.964681
v -15.389381 1.786388 -7.990242
v -15.406582 1.775842 -8.025208
v -15.423830 1.786193 -8.060209
v -15.436503 1.814668 -8.085867
v -15.026262 1.854352 -8.224024
v -15.004572 1.945360 -8.146593
v -14.982677 1.945539 -8.069011
v -14.982473 1.854710 -8.068858
v -14.982269 1.763880 -8.068707
v -15.004164 1.763701 -8.146290
v -14.878013 1.971707 -7.995065
v -13.774890 1.973845 -8.197142
v -14.877489 1.738430 -7.994675
v -13.774366 1.740568 -8.196751
v -14.689579 1.971634 -8.389378
v -14.393332 1.972211 -8.442359
v -14.094036 1.972759 -8.515917
v -14.045712 1.739644 -8.286862
v -14.345007 1.739095 -8.213305
v -14.641254 1.738519 -8.160324
v -14.641779 1.972124 -8.160715
v -14.345531 1.972700 -8.213696
v -14.046236 1.973249 -8.287253
v -14.689054 1.738029 -8.388987
v -14.392808 1.738605 -8.441968
v -14.093512 1.739154 -8.515526
v -14.057199 1.751477 -8.180016
v -14.328878 1.750982 -8.111517
v -14.597508 1.750459 -8.063595
v -14.597980 1.960704 -8.063947
v -14.329350 1.961227 -8.111869
v -14.057672 1.961722 -8.180367
v -14.698518 1.725623 -8.143676
v -14.645153 1.738881 -8.037235
v -14.752136 1.984275 -8.397822
v -14.699100 1.984819 -8.144110
v -14.751554 1.725079 -8.397388
v -14.645677 1.972157 -8.037625
v -14.634954 1.984502 -8.419289
v -14.581336 1.725850 -8.165142
v -14.581918 1.985046 -8.165576
v -14.634373 1.725306 -8.418855
v -14.539689 1.739085 -8.056555
v -14.540213 1.972361 -8.056945
v -14.449794 1.984861 -8.453207
v -14.396757 1.985405 -8.199494
v -14.449211 1.725665 -8.452773
v -14.373568 1.972685 -8.087472
v -14.396174 1.726209 -8.199060
v -14.373044 1.739408 -8.087082
v -14.330980 1.985091 -8.474972
v -14.277362 1.726439 -8.220826
v -14.277944 1.985635 -8.221260
v -14.330399 1.725895 -8.474539
v -14.266112 1.739615 -8.106670
v -14.266636 1.972892 -8.107060
v -14.145157 1.985452 -8.509012
v -14.092119 1.985995 -8.255300
v -14.144574 1.726256 -8.508578
v -14.099395 1.973216 -8.137697
v -14.091537 1.726799 -8.254867
v -14.098871 1.739939 -8.137306
v -14.032952 1.985669 -8.529567
v -13.979916 1.986213 -8.275854
v -14.032371 1.726473 -8.529133
v -13.998411 1.973412 -8.156196
v -13.979334 1.727017 -8.275420
v -13.997887 1.740135 -8.155806
v -13.765368 1.727174 -8.468657
v -14.991224 1.984041 -8.217207
v -14.990643 1.724844 -8.216773
v -13.765950 1.986370 -8.469090
v -14.073196 1.972973 -8.416227
v -14.372493 1.972424 -8.342669
v -14.668739 1.971848 -8.289688
v -14.072672 1.739368 -8.415836
v -14.371968 1.738819 -8.342278
v -14.668215 1.738243 -8.289297
v -14.729014 1.984512 -8.287212
v -14.728433 1.725316 -8.286778
v -14.611250 1.725543 -8.308245
v -14.611833 1.984739 -8.308679
v -14.426671 1.985098 -8.342597
v -14.426089 1.725902 -8.342163
v -14.307276 1.726132 -8.363929
v -14.307858 1.985328 -8.364362
v -14.122034 1.985689 -8.398402
v -14.121452 1.726493 -8.397968
v -14.009249 1.726710 -8.418523
v -14.009830 1.985906 -8.418957
v -13.825444 1.927014 -8.525702
v -13.825128 1.786072 -8.525467
v -13.731111 1.786625 -8.321014
v -13.731426 1.927567 -8.321251
v -14.990283 1.783803 -8.318738
v -14.990600 1.924744 -8.318974
v -14.877892 1.918492 -7.994976
v -14.877608 1.791645 -7.994764
v -13.774486 1.793783 -8.196840
v -13.774771 1.920630 -8.197052
v -14.057564 1.913761 -8.180287
v -14.057307 1.799438 -8.180096
v -14.329243 1.913266 -8.111789
v -14.328986 1.798943 -8.111597
v -14.597873 1.912743 -8.063867
v -14.597616 1.798420 -8.063675
v -14.093632 1.792444 -8.515615
v -14.093916 1.919470 -8.515827
v -14.392927 1.791895 -8.442057
v -14.393212 1.918921 -8.442269
v -14.689175 1.791318 -8.389076
v -14.689459 1.918344 -8.389288
v -14.645557 1.918942 -8.037537
v -14.645272 1.792095 -8.037324
v -14.751687 1.784206 -8.397488
v -14.752004 1.925148 -8.397723
v -14.634505 1.784433 -8.418954
v -14.634822 1.925375 -8.419189
v -14.540093 1.919147 -8.056856
v -14.539808 1.792300 -8.056643
v -14.373448 1.919470 -8.087383
v -14.373163 1.792623 -8.087171
v -14.449345 1.784792 -8.452872
v -14.449660 1.925734 -8.453108
v -14.330531 1.785023 -8.474637
v -14.330848 1.925964 -8.474873
v -14.266517 1.919677 -8.106972
v -14.266232 1.792830 -8.106759
v -14.099276 1.920001 -8.137608
v -14.098990 1.793154 -8.137396
v -14.144708 1.785383 -8.508677
v -14.145023 1.926324 -8.508913
v -14.032503 1.785600 -8.529232
v -14.032820 1.926542 -8.529468
v -13.998291 1.920197 -8.156107
v -13.998007 1.793350 -8.155894
v -13.765818 1.927242 -8.468991
v -13.765501 1.786301 -8.468756
v -15.026058 1.763522 -8.223872
v -15.026466 1.945181 -8.224176
vn -0.7399 -0.6389 0.2103
vn 0.9441 0.0027 0.3296
vn 0.0022 -1.0000 0.0017
vn 0.9740 0.0018 -0.2267
vn -0.0022 1.0000 -0.0017
vn -0.3134 -0.0023 -0.9496
vn -0.3205 0.8972 0.3037
vn 0.5735 0.6698 0.4717
vn -0.9672 0.2519 -0.0322
vn 0.5567 -0.6549 0.5111
vn 0.8134 -0.2417 0.5290
vn -0.7208 0.6927 0.0251
vn -0.7226 -0.6582 0.2112
vn 0.1649 -0.9111 0.3778
vn -0.2928 0.9479 0.1251
vn 0.1517 -0.8964 0.4165
vn -0.9637 0.2424 0.1119
vn 0.2020 0.9493 0.2411
vn 0.5538 0.6591 0.5089
vn -0.7237 -0.6690 0.1692
vn 0.6311 0.6963 0.3420
vn 0.7899 -0.2378 0.5653
vn -0.9626 -0.2464 0.1127
vn 0.8795 0.2568 0.4007
vn 0.1477 0.8985 0.4134
vn -0.7267 0.6664 0.1670
vn 0.8806 -0.2515 0.4015
vn -0.7255 0.6557 0.2090
vn 0.1608 0.9131 0.3747
vn 0.6342 -0.6923 0.3443
vn 0.7888 0.2432 0.5645
vn 0.8124 0.2471 0.5282
vn 0.2063 -0.9475 0.2443
vn 0.5765 -0.6656 0.4740
vn -0.2886 -0.9488 0.1283
vn -0.3110 -0.9124 0.2662
vn -0.9576 -0.2424 0.1557
vn -0.7177 -0.6958 0.0274
vn -0.9587 0.2386 0.1548
vn -0.3151 0.9118 0.2632
vn -0.9661 -0.2563 -0.0313
vn -0.6869 -0.7089 -0.1602
vn -0.3165 -0.8976 0.3067
vn 0.6830 0.5603 -0.4686
vn 0.2542 -0.9653 0.0607
vn 0.9410 -0.2563 0.2209
vn -0.9398 -0.2613 -0.2200
vn 0.6869 0.7089 0.1602
vn -0.2542 0.9653 -0.0607
vn -0.2498 -0.9666 -0.0575
vn 0.6900 -0.7053 0.1626
vn 0.9398 0.2613 0.2200
vn -0.9410 0.2563 -0.2209
vn 0.2498 0.9666 0.0575
vn -0.6900 0.7053 -0.1626
vn 0.7018 -0.6940 0.1606
vn -0.6041 -0.2074 -0.7694
vn -0.4065 0.5574 -0.7239
vn 0.3407 -0.7645 -0.5473
vn 0.8832 0.2061 -0.4212
vn -0.0616 0.7631 -0.6433
vn -0.0581 -0.7655 -0.6408
vn 0.8842 -0.2035 -0.4205
vn 0.3372 0.7642 -0.5499
vn -0.4039 -0.5616 -0.7221
vn -0.6051 0.2022 -0.7701
vn 0.6856 -0.5588 -0.4667
vn -0.5885 0.2470 -0.7698
vn 0.6987 0.6977 0.1583
vn -0.9398 -0.2544 -0.2280
vn -0.6990 0.6948 -0.1690
vn 0.2616 -0.9632 0.0618
vn 0.9437 0.2537 0.2122
vn -0.2611 0.9632 -0.0629
vn -0.2568 -0.9646 -0.0597
vn 0.9449 -0.2487 0.2130
vn 0.2573 0.9646 0.0586
vn -0.6959 -0.6985 -0.1667
vn -0.9410 0.2494 -0.2288
vn -0.3359 -0.2337 -0.9125
vn 0.4318 -0.6909 0.5798
vn 0.4287 0.6948 0.5775
vn -0.5874 -0.2522 -0.7690
vn -0.4382 0.6912 -0.5746
vn 0.1633 -0.9625 0.2165
vn 0.5754 0.2519 0.7781
vn -0.1641 0.9626 -0.2157
vn -0.1598 -0.9640 -0.2125
vn 0.5765 -0.2467 0.7789
vn 0.1589 0.9640 0.2132
vn -0.4351 -0.6951 -0.5723
vn -0.2870 0.2537 -0.9237
vn 0.2211 -0.2247 0.9490
vn 0.2201 0.2289 0.9483
vn -0.2858 -0.2580 -0.9229
vn -0.3370 0.2291 -0.9132
vn -0.0177 -0.9947 0.1009
vn 0.2697 0.2573 0.9279
vn -0.0715 0.9950 -0.0700
vn -0.0670 -0.9955 -0.0666
vn 0.2708 -0.2530 0.9288
vn -0.0222 0.9950 0.0976
vn 0.1802 0.0020 0.9836
vn -0.5936 -0.3790 0.7099
vn 0.0181 0.9939 0.1091
vn 0.0225 -0.9934 0.1124
vn 0.2311 -0.9729 0.0102
vn 0.2719 -0.9603 0.0628
vn 0.3701 -0.9194 0.1334
vn -0.2129 0.9741 0.0765
vn -0.1812 0.9745 0.1323
vn -0.2040 0.9589 0.1974
vn -0.3778 0.0007 0.9259
vn -0.0767 0.0015 0.9971
vn -0.1206 0.0014 0.9927
vn -0.2177 -0.0021 -0.9760
vn -0.4631 -0.0025 -0.8863
vn -0.4798 -0.0025 -0.8774
vn -0.1982 0.9794 0.0393
vn -0.1839 0.9823 0.0363
vn -0.2076 0.9773 0.0413
vn -0.1938 -0.9801 0.0426
vn -0.1795 -0.9830 0.0396
vn -0.2032 -0.9781 0.0446
vn 0.2268 0.9739 0.0069
vn 0.4836 0.0025 0.8753
vn 0.1335 -0.0014 -0.9910
vn 0.2037 0.9780 -0.0447
vn 0.2080 -0.9772 -0.0414
vn -0.1802 -0.0021 -0.9836
vn 0.1802 0.0021 0.9836
vn -0.1996 -0.9591 0.2006
vn 0.2675 0.9617 0.0595
vn 0.1884 -0.0012 -0.9821
vn 0.2274 0.9725 -0.0496
vn 0.2318 -0.9717 -0.0464
vn -0.1768 -0.9749 0.1356
vn 0.3659 0.9215 0.1303
vn 0.7154 0.0028 0.6987
vn -0.1343 -0.0020 -0.9909
vn 0.2342 0.9709 -0.0510
vn 0.2385 -0.9700 -0.0478
vn 0.0182 -0.0016 -0.9998
vn -0.2085 -0.9748 0.0797
vn 0.6892 0.0003 -0.7246
vn -0.9151 -0.3476 -0.2042
vn -0.9167 0.3428 -0.2054
vn -0.9355 -0.0027 -0.3534
vn 0.4836 0.0026 0.8753
vn -0.5953 0.3787 0.7086
vn -0.5770 0.0001 0.8167
vn -0.7428 0.6363 0.2082
vn 0.9624 0.0017 -0.2716
vt 0.791667 0.608992
vt 0.875000 0.608992
vt 0.875000 0.750000
vt 0.791667 0.750000
vt 0.791667 0.679496
vt 0.291667 0.750000
vt 0.375000 0.750000
vt 0.572346 0.141009
vt 0.625000 0.141009
vt 0.625000 0.250000
vt 0.572346 0.250000
vt 0.291667 0.608991
vt 0.375000 0.608991
vt 0.572346 0.608991
vt 0.625000 0.608992
vt 0.625000 0.750000
vt 0.572346 0.750000
vt 0.572346 0.416667
vt 0.625000 0.416667
vt 0.625000 0.500000
vt 0.572346 0.500000
vt 0.250000 1.000000
vt 0.333333 1.000000
vt 0.583333 1.000000
vt 0.666667 1.000000
vt 1.000000 0.500000
vt 1.000000 1.000000
vt 0.916667 1.000000
vt 0.916667 0.500000
vt 0.833333 1.000000
vt 0.416667 1.000000
vt 0.500000 1.000000
vt 0.833333 0.500000
vt 0.750000 1.000000
vt 0.750000 0.500000
vt 0.666667 0.500000
vt 0.083333 1.000000
vt 0.166667 1.000000
vt 0.583333 0.500000
vt 0.000000 1.000000
vt 0.500000 0.500000
vt 0.416667 0.500000
vt 0.333333 0.500000
vt 0.250000 0.500000
vt 0.166667 0.500000
vt 0.083333 0.500000
vt 0.000000 0.500000
vt 0.572346 0.916667
vt 0.625000 0.916667
vt 0.625000 1.000000
vt 0.572346 1.000000
vt 0.425656 0.000000
vt 0.375000 0.000000
vt 0.572346 0.000000
vt 0.562500 0.000000
vt 0.510678 0.000000
vt 0.500000 0.000000
vt 0.510678 0.000000
vt 0.448542 0.000000
vt 0.437500 0.000000
vt 0.425656 0.750000
vt 0.437500 0.750000
vt 0.486444 0.750000
vt 0.500000 0.750000
vt 0.548445 0.750000
vt 0.562500 0.750000
vt 0.548445 0.750000
vt 0.425656 0.916667
vt 0.437500 0.916667
vt 0.437500 1.000000
vt 0.425656 1.000000
vt 0.486444 0.916667
vt 0.500000 0.916667
vt 0.500000 1.000000
vt 0.486444 1.000000
vt 0.548445 0.916667
vt 0.562500 0.916667
vt 0.562500 1.000000
vt 0.548445 1.000000
vt 0.425656 0.416667
vt 0.437500 0.416667
vt 0.437500 0.500000
vt 0.425656 0.500000
vt 0.486444 0.416667
vt 0.500000 0.416667
vt 0.500000 0.500000
vt 0.486444 0.500000
vt 0.548445 0.416667
vt 0.562500 0.416667
vt 0.562500 0.500000
vt 0.548445 0.500000
vt 0.425656 0.608992
vt 0.437500 0.608991
vt 0.486444 0.608992
vt 0.500000 0.608992
vt 0.548445 0.608991
vt 0.562500 0.608991
vt 0.425656 0.141009
vt 0.437500 0.141009
vt 0.437500 0.250000
vt 0.425656 0.250000
vt 0.486444 0.141009
vt 0.500000 0.141009
vt 0.500000 0.250000
vt 0.486444 0.250000
vt 0.548445 0.141008
vt 0.562500 0.141009
vt 0.562500 0.250000
vt 0.548445 0.250000
vt 0.625000 0.000000
vt 0.510678 0.141008
vt 0.510678 0.250000
vt 0.510678 0.608992
vt 0.510678 0.750000
vt 0.510678 0.416667
vt 0.510678 0.500000
vt 0.510678 0.916667
vt 0.510678 1.000000
vt 0.510678 0.750000
vt 0.548445 0.000000
vt 0.548445 0.000000
vt 0.448542 0.141009
vt 0.448542 0.250000
vt 0.448542 0.608991
vt 0.448542 0.750000
vt 0.448542 0.416667
vt 0.448542 0.500000
vt 0.448542 0.916667
vt 0.448542 1.000000
vt 0.448542 0.750000
vt 0.486444 0.000000
vt 0.486444 0.000000
vt 0.375000 0.141009
vt 0.375000 0.250000
vt 0.375000 0.416667
vt 0.375000 0.500000
vt 0.375000 0.916667
vt 0.375000 1.000000
vt 0.291667 0.500000
vt 0.791667 0.500000
vt 0.875000 0.500000
vt 0.708333 0.500000
vt 0.708333 0.608992
vt 0.750000 0.608992
vt 0.125000 0.500000
vt 0.208333 0.500000
vt 0.208333 0.608991
vt 0.125000 0.608991
vt 0.425656 0.833333
vt 0.375000 0.833333
vt 0.425656 0.333333
vt 0.375000 0.333333
vt 0.448542 0.333333
vt 0.437500 0.333333
vt 0.448542 0.833333
vt 0.437500 0.833333
vt 0.486444 0.833333
vt 0.486444 0.333333
vt 0.510678 0.333333
vt 0.500000 0.333333
vt 0.510678 0.833333
vt 0.500000 0.833333
vt 0.548445 0.833333
vt 0.548445 0.333333
vt 0.572346 0.333333
vt 0.562500 0.333333
vt 0.572346 0.833333
vt 0.562500 0.833333
vt 0.708333 0.750000
vt 0.750000 0.750000
vt 0.625000 0.833333
vt 0.625000 0.333333
vt 0.208333 0.750000
vt 0.125000 0.750000
vt 0.708333 0.679496
vt 0.870000 0.457846
vt 0.957846 0.370000
vt 0.990000 0.250000
vt 0.957846 0.130000
vt 0.630000 0.042154
vt 0.542154 0.130000
vt 0.510000 0.250000
vt 0.542154 0.370000
s 0
usemtl RedHandle
f 941/208/321 873/209/321 720/210/321 811/211/321 812/212/321
f 896/213/322 717/214/322 814/214/322 902/213/322
f 882/215/323 873/216/323 718/217/323 839/218/323
f 939/219/324 874/220/324 717/214/324 896/213/324
f 881/221/325 872/222/325 716/223/325 838/224/325
f 918/225/326 898/226/326 714/227/326 837/228/326
f 916/255/423 900/256/423 815/257/423 836/258/423
f 811/211/424 720/210/424 815/210/424 900/211/424
f 838/224/425 716/223/425 813/223/425 840/224/425
f 869/259/426 721/260/426 816/260/426 870/259/426
f 835/261/427 822/262/427 831/262/427 836/261/427
f 851/263/428 821/264/428 830/264/428 852/265/428
f 863/266/429 820/267/429 829/267/429 864/266/429
f 866/268/430 825/269/430 834/269/430 868/268/430
f 855/270/431 824/271/431 833/271/431 858/270/431
f 843/272/432 823/273/432 832/273/432 846/274/432
f 938/275/433 904/276/433 829/277/433 870/278/433
f 930/279/434 906/280/434 830/281/434 857/282/434
f 922/283/435 908/284/435 831/285/435 845/286/435
f 936/287/436 910/288/436 819/289/436 865/290/436
f 928/291/437 912/292/437 818/293/437 853/294/437
f 920/295/438 914/296/438 817/297/438 841/298/438
f 892/299/439 875/300/439 825/269/439 866/268/439
f 888/301/440 876/302/440 824/271/440 855/270/440
f 884/303/441 877/304/441 823/273/441 843/272/441
f 891/305/442 878/306/442 828/307/442 867/308/442
f 887/309/443 879/310/443 827/311/443 856/312/443
f 883/313/444 880/314/444 826/315/444 844/316/444
f 720/317/426 835/261/426 836/261/426 815/317/426
f 823/273/445 838/224/445 840/224/445 832/273/445
f 908/284/446 916/255/446 836/258/446 831/285/446
f 914/296/447 918/225/447 837/228/447 817/297/447
f 877/304/448 881/221/448 838/224/448 823/273/448
f 880/314/449 882/215/449 839/218/449 826/315/449
f 886/318/323 883/313/323 844/316/323 849/319/323
f 885/320/325 884/303/325 843/272/325 848/321/325
f 926/322/450 920/295/450 841/298/450 847/323/450
f 924/324/451 922/283/451 845/286/451 852/325/451
f 848/321/425 843/272/425 846/274/425 850/326/425
f 822/262/452 842/327/452 845/328/452 831/262/452
f 824/271/453 848/321/453 850/326/453 833/271/453
f 906/280/446 924/324/446 852/325/446 830/281/446
f 912/292/454 926/322/454 847/323/454 818/293/454
f 876/302/455 885/320/455 848/321/455 824/271/455
f 879/310/456 886/318/456 849/319/456 827/311/456
f 842/327/426 851/263/426 852/265/426 845/328/426
f 890/329/323 887/309/323 856/312/323 861/330/323
f 889/331/325 888/301/325 855/270/325 860/332/325
f 934/333/450 928/291/450 853/294/450 859/334/450
f 932/335/451 930/279/451 857/282/451 864/336/451
f 860/332/425 855/270/425 858/270/425 862/337/425
f 821/264/457 854/338/457 857/339/457 830/264/457
f 825/269/458 860/332/458 862/337/458 834/269/458
f 904/276/459 932/335/459 864/336/459 829/277/459
f 910/288/460 934/333/460 859/334/460 819/289/460
f 875/300/461 889/331/461 860/332/461 825/269/461
f 878/306/462 890/329/462 861/330/462 828/307/462
f 854/338/426 863/266/426 864/266/426 857/339/426
f 871/340/323 891/305/323 867/308/323 719/341/323
f 874/220/325 892/299/325 866/268/325 717/214/325
f 893/342/463 936/287/463 865/290/463 715/343/463
f 901/344/451 938/275/451 870/278/451 816/345/451
f 717/214/425 866/268/425 868/268/425 814/214/425
f 820/267/464 869/259/464 870/259/464 829/267/464
f 715/343/325 865/290/325 892/299/325 874/220/325
f 721/260/323 869/259/323 891/305/323 871/340/323
f 820/267/462 863/266/462 890/329/462 878/306/462
f 819/289/461 859/334/461 889/331/461 875/300/461
f 859/334/325 853/294/325 888/301/325 889/331/325
f 863/266/323 854/338/323 887/309/323 890/329/323
f 821/264/456 851/263/456 886/318/456 879/310/456
f 818/293/455 847/323/455 885/320/455 876/302/455
f 847/323/325 841/298/325 884/303/325 885/320/325
f 851/263/323 842/327/323 883/313/323 886/318/323
f 822/262/449 835/261/449 882/215/449 880/314/449
f 817/297/448 837/228/448 881/221/448 877/304/448
f 842/327/444 822/262/444 880/314/444 883/313/444
f 854/338/443 821/264/443 879/310/443 887/309/443
f 869/259/442 820/267/442 878/306/442 891/305/442
f 841/298/441 817/297/441 877/304/441 884/303/441
f 853/294/440 818/293/440 876/302/440 888/301/440
f 865/290/439 819/289/439 875/300/439 892/299/439
f 837/228/325 714/227/325 872/222/325 881/221/325
f 893/346/465 715/343/465 874/220/465 939/219/465
f 835/261/323 720/317/323 873/216/323 882/215/323
f 897/347/466 718/348/466 873/209/466 941/208/466
f 714/227/467 898/349/467 942/350/467 872/222/467
f 898/349/468 897/347/468 941/208/468 807/351/468 942/350/468
f 719/352/465 894/353/465 940/354/465 871/355/465
f 894/353/465 893/346/465 939/219/465 940/354/465
f 814/214/451 868/268/451 937/356/451 902/357/451
f 902/357/451 937/356/451 938/275/451 901/344/451
f 719/341/463 867/308/463 935/358/463 894/359/463
f 894/359/463 935/358/463 936/287/463 893/342/463
f 828/307/460 861/330/460 933/360/460 909/361/460
f 909/361/460 933/360/460 934/333/460 910/288/460
f 834/269/459 862/337/459 931/362/459 903/363/459
f 903/363/459 931/362/459 932/335/459 904/276/459
f 862/337/451 858/270/451 929/364/451 931/362/451
f 931/362/451 929/364/451 930/279/451 932/335/451
f 861/330/450 856/312/450 927/365/450 933/360/450
f 933/360/450 927/365/450 928/291/450 934/333/450
f 827/311/454 849/319/454 925/366/454 911/367/454
f 911/367/454 925/366/454 926/322/454 912/292/454
f 833/271/469 850/326/469 923/368/469 905/369/469
f 905/369/469 923/368/469 924/324/469 906/280/469
f 850/326/451 846/274/451 921/370/451 923/368/451
f 923/368/451 921/370/451 922/283/451 924/324/451
f 849/319/450 844/316/450 919/371/450 925/366/450
f 925/366/450 919/371/450 920/295/450 926/322/450
f 826/315/447 839/218/447 917/372/447 913/373/447
f 913/373/447 917/372/447 918/225/447 914/296/447
f 832/273/469 840/224/469 915/374/469 907/375/469
f 907/375/469 915/374/469 916/255/469 908/284/469
f 844/316/438 826/315/438 913/373/438 919/371/438
f 919/371/438 913/373/438 914/296/438 920/295/438
f 856/312/437 827/311/437 911/367/437 927/365/437
f 927/365/437 911/367/437 912/292/437 928/291/437
f 867/308/436 828/307/436 909/361/436 935/358/436
f 935/358/436 909/361/436 910/288/436 936/287/436
f 846/274/435 832/273/435 907/375/435 921/370/435
f 921/370/435 907/375/435 908/284/435 922/283/435
f 858/270/434 833/271/434 905/369/434 929/364/434
f 929/364/434 905/369/434 906/280/434 930/279/434
f 868/268/433 834/269/433 903/363/433 937/356/433
f 937/356/433 903/363/433 904/276/433 938/275/433
f 716/223/470 809/376/470 899/376/470 813/223/470
f 809/376/471 810/377/471 811/211/471 900/211/471 899/376/471
f 840/224/451 813/223/451 899/378/451 915/374/451
f 915/374/451 899/378/451 900/256/451 916/255/451
f 839/218/326 718/217/326 897/379/326 917/372/326
f 917/372/326 897/379/326 898/226/326 918/225/326
f 871/355/324 940/354/324 895/380/324 721/381/324
f 940/354/324 939/219/324 896/213/324 895/380/324
f 721/381/322 895/380/322 901/380/322 816/381/322
f 895/380/322 896/213/322 902/213/322 901/380/322
f 872/222/472 942/350/472 808/382/472 809/376/472 716/223/472
usemtl BrassPipe
f 755/229/327 754/230/327 758/229/327
f 735/231/328 733/232/328 750/232/328 751/231/328
f 724/233/329 725/234/329 727/235/329 726/236/329
f 748/237/330 722/235/330 758/237/330
f 739/238/331 737/239/331 752/239/331 753/238/331
f 726/236/332 727/235/332 729/237/332 728/240/332
f 751/231/333 750/232/333 758/231/333
f 743/229/334 741/230/334 754/230/334 755/229/334
f 728/240/335 729/237/335 731/241/335 730/242/335
f 749/241/336 748/237/336 758/241/336
f 727/235/337 725/234/337 723/234/337 722/235/337
f 730/242/338 731/241/338 733/232/338 732/243/338
f 757/244/339 756/245/339 758/244/339
f 747/244/340 745/245/340 756/245/340 757/244/340
f 732/243/341 733/232/341 735/231/341 734/246/341
f 722/235/342 723/234/342 758/235/342
f 725/247/343 747/244/343 757/244/343 723/247/343
f 734/246/344 735/231/344 737/239/344 736/248/344
f 756/245/345 755/229/345 758/245/345
f 729/237/346 727/235/346 722/235/346 748/237/346
f 736/248/347 737/239/347 739/238/347 738/249/347
f 754/230/348 753/238/348 758/230/348
f 733/232/349 731/241/349 749/241/349 750/232/349
f 738/249/350 739/238/350 741/230/350 740/250/350
f 723/247/351 757/244/351 758/247/351
f 737/239/352 735/231/352 751/231/352 752/239/352
f 740/250/353 741/230/353 743/229/353 742/251/353
f 741/230/354 739/238/354 753/238/354 754/230/354
f 742/251/355 743/229/355 745/245/355 744/252/355
f 745/245/356 743/229/356 755/229/356 756/245/356
f 752/239/357 751/231/357 758/239/357
f 744/252/358 745/245/358 747/244/358 746/253/358
f 753/238/359 752/239/359 758/238/359
f 731/241/360 729/237/360 748/237/360 749/241/360
f 746/253/361 747/244/361 725/247/361 724/254/361
f 744/252/362 746/253/362 770/253/362 769/252/362
f 750/232/363 749/241/363 758/232/363
f 763/243/364 764/246/364 776/246/364 775/243/364
f 740/250/365 742/251/365 768/251/365 767/250/365
f 736/248/366 738/249/366 766/249/366 765/248/366
f 746/253/367 724/254/367 759/254/367 770/253/367
f 732/243/368 734/246/368 764/246/368 763/243/368
f 728/240/369 730/242/369 762/242/369 761/240/369
f 742/251/370 744/252/370 769/252/370 768/251/370
f 738/249/371 740/250/371 767/250/371 766/249/371
f 734/246/372 736/248/372 765/248/372 764/246/372
f 724/233/373 726/236/373 760/236/373 759/233/373
f 730/242/374 732/243/374 763/243/374 762/242/374
f 726/236/375 728/240/375 761/240/375 760/236/375
f 778/249/376 779/250/376 791/250/376 790/249/376
f 770/253/377 759/254/377 771/254/377 782/253/377
f 760/236/378 761/240/378 773/240/378 772/236/378
f 767/250/379 768/251/379 780/251/379 779/250/379
f 764/246/380 765/248/380 777/248/380 776/246/380
f 761/240/381 762/242/381 774/242/381 773/240/381
f 768/251/382 769/252/382 781/252/382 780/251/382
f 765/248/383 766/249/383 778/249/383 777/248/383
f 762/242/384 763/243/384 775/243/384 774/242/384
f 769/252/385 770/253/385 782/253/385 781/252/385
f 759/233/386 760/236/386 772/236/386 771/233/386
f 766/249/387 767/250/387 779/250/387 778/249/387
f 783/233/388 784/236/388 796/236/388 795/233/388
f 775/243/389 776/246/389 788/246/389 787/243/389
f 782/253/390 771/254/390 783/254/390 794/253/390
f 772/236/391 773/240/391 785/240/391 784/236/391
f 779/250/392 780/251/392 792/251/392 791/250/392
f 776/246/393 777/248/393 789/248/393 788/246/393
f 773/240/394 774/242/394 786/242/394 785/240/394
f 780/251/395 781/252/395 793/252/395 792/251/395
f 777/248/396 778/249/396 790/249/396 789/248/396
f 774/242/397 775/243/397 787/243/397 786/242/397
f 781/252/398 782/253/398 794/253/398 793/252/398
f 771/233/399 772/236/399 784/236/399 783/233/399
f 805/252/400 806/253/400 807/253/400 941/252/400
f 790/249/401 791/250/401 803/250/401 802/249/401
f 787/243/402 788/246/402 800/246/402 799/243/402
f 794/253/403 783/254/403 795/254/403 806/253/403
f 784/236/404 785/240/404 797/240/404 796/236/404
f 791/250/405 792/251/405 804/251/405 803/250/405
f 788/246/406 789/248/406 801/248/406 800/246/406
f 785/240/407 786/242/407 798/242/407 797/240/407
f 792/251/408 793/252/408 805/252/408 804/251/408
f 789/248/409 790/249/409 802/249/409 801/248/409
f 786/242/410 787/243/410 799/243/410 798/242/410
f 793/252/411 794/253/411 806/253/411 805/252/411
f 795/233/412 796/236/412 807/233/412
f 802/249/413 803/250/413 811/250/413 810/249/413
f 799/243/414 800/246/414 810/246/414 809/243/414
f 806/253/415 795/254/415 807/253/415
f 796/236/416 797/240/416 942/240/416 807/236/416
f 803/250/417 804/251/417 812/251/417 811/250/417
f 800/246/418 801/248/418 810/246/418
f 797/240/419 798/242/419 808/242/419 942/240/419
f 804/251/420 805/252/420 941/252/420 812/251/420
f 801/248/421 802/249/421 810/248/421
f 798/242/422 799/243/422 809/243/422 808/242/422
f 807/383/473 942/384/473 808/385/473 809/386/473 810/387/473 811/388/473 812/389/473 941/390/473
o Sheet
v -7.189487 0.048468 14.874965
v -7.189487 0.148468 14.874965
v -10.358738 0.048468 17.315424
v -10.358738 0.148468 17.315424
v -8.723818 0.048468 12.882439
v -8.723818 0.148468 12.882439
v -11.893069 0.048468 15.322898
v -11.893069 0.148468 15.322898
vn 0.6101 -0.0000 0.7923
vn -0.7923 -0.0000 0.6101
vn -0.6101 -0.0000 -0.7923
vn 0.7923 -0.0000 -0.6101
vn -0.0000 -1.0000 -0.0000
vn -0.0000 1.0000 -0.0000
vt 0.375000 0.000000
vt 0.625000 0.000000
vt 0.625000 0.250000
vt 0.375000 0.250000
vt 0.625000 0.500000
vt 0.375000 0.500000
vt 0.625000 0.750000
vt 0.375000 0.750000
vt 0.625000 1.000000
vt 0.375000 1.000000
vt 0.125000 0.500000
vt 0.125000 0.750000
vt 0.875000 0.500000
vt 0.875000 0.750000
s 0
f 943/391/474 944/392/474 946/393/474 945/394/474
f 945/394/475 946/393/475 950/395/475 949/396/475
f 949/396/476 950/395/476 948/397/476 947/398/476
f 947/398/477 948/397/477 944/399/477 943/400/477
f 945/401/478 949/396/478 947/398/478 943/402/478
f 950/395/479 946/403/479 944/404/479 948/397/479
o Rack
v -19.367285 -4.979876 6.878685
v -19.367285 9.903616 6.878685
v -18.871674 -4.979876 6.812576
v -18.871674 9.903616 6.812576
v -18.566616 -4.979876 7.208732
v -18.566616 9.903616 7.208732
v -18.757170 -4.979876 7.670998
v -18.757170 9.903616 7.670998
v -19.252779 -4.979876 7.737107
v -19.252779 9.903616 7.737107
v -19.557837 -4.979876 7.340951
v -19.557837 9.903616 7.340951
v -10.215562 -4.979876 18.763378
v -10.215562 9.903616 18.763378
v -9.719951 -4.979876 18.697271
v -9.719951 9.903616 18.697271
v -9.414893 -4.979876 19.093428
v -9.414893 9.903616 19.093428
v -9.605447 -4.979876 19.555693
v -9.605447 9.903616 19.555693
v -10.101057 -4.979876 19.621803
v -10.101057 9.903616 19.621803
v -10.406115 -4.979876 19.225647
v -10.406115 9.903616 19.225647
v -14.613407 -4.979876 3.217996
v -14.613407 9.903616 3.217996
v -14.117796 -4.979876 3.151886
v -14.117796 9.903616 3.151886
v -13.812738 -4.979876 3.548043
v -13.812738 9.903616 3.548043
v -14.003292 -4.979876 4.010309
v -14.003292 9.903616 4.010309
v -14.498901 -4.979876 4.076418
v -14.498901 9.903616 4.076418
v -14.803959 -4.979876 3.680261
v -14.803959 9.903616 3.680261
v -5.461683 -4.979876 15.102690
v -5.461683 9.903616 15.102690
v -4.966074 -4.979876 15.036582
v -4.966074 9.903616 15.036582
v -4.661016 -4.979876 15.432738
v -4.661016 9.903616 15.432738
v -4.851568 -4.979876 15.895003
v -4.851568 9.903616 15.895003
v -5.347179 -4.979876 15.961113
v -5.347179 9.903616 15.961113
v -5.652237 -4.979876 15.564957
v -5.652237 9.903616 15.564957
v -9.783186 -1.115291 19.388802
v -9.783186 -0.553653 19.388802
v -19.251352 -1.115291 7.093165
v -19.251352 -0.553653 7.093165
v -4.967497 -1.115291 15.680515
v -4.967497 -0.553653 15.680515
v -14.435663 -1.115291 3.384878
v -14.435663 -0.553653 3.384878
v -9.783186 3.669260 19.388802
v -9.783186 4.230898 19.388802
v -19.251352 3.669260 7.093165
v -19.251352 4.230898 7.093165
v -4.967497 3.669260 15.680515
v -4.967497 4.230898 15.680515
v -14.435663 3.669260 3.384878
v -14.435663 4.230898 3.384878
v -9.783186 8.343176 19.388802
v -9.783186 8.904814 19.388802
v -19.251352 8.343176 7.093165
v -19.251352 8.904814 7.093165
v -4.967497 8.343176 15.680515
v -4.967497 8.904814 15.680515
v -14.435663 8.343176 3.384878
v -14.435663 8.904814 3.384878
vn -0.1322 -0.0000 -0.9912
vn 0.7923 -0.0000 -0.6101
vn 0.9245 -0.0000 0.3811
vn 0.1322 -0.0000 0.9912
vn -0.0000 1.0000 -0.0000
vn -0.7923 -0.0000 0.6101
vn -0.9245 -0.0000 -0.3811
vn -0.0000 -1.0000 -0.0000
vn -0.6101 -0.0000 -0.7923
vn 0.6101 -0.0000 0.7923
vt 1.000000 0.500000
vt 1.000000 1.000000
vt 0.833333 1.000000
vt 0.833333 0.500000
vt 0.666667 1.000000
vt 0.666667 0.500000
vt 0.500000 1.000000
vt 0.500000 0.500000
vt 0.333333 1.000000
vt 0.333333 0.500000
vt 0.457846 0.370000
vt 0.250000 0.490000
vt 0.042154 0.370000
vt 0.042154 0.130000
vt 0.250000 0.010000
vt 0.457846 0.130000
vt 0.166667 1.000000
vt 0.166667 0.500000
vt -0.000000 1.000000
vt -0.000000 0.500000
vt 0.750000 0.490000
vt 0.957846 0.370000
vt 0.957846 0.130000
vt 0.750000 0.010000
vt 0.542154 0.130000
vt 0.542154 0.370000
vt 0.375000 0.000000
vt 0.625000 0.000000
vt 0.625000 0.250000
vt 0.375000 0.250000
vt 0.625000 0.500000
vt 0.375000 0.500000
vt 0.625000 0.750000
vt 0.375000 0.750000
vt 0.625000 1.000000
vt 0.375000 1.000000
vt 0.125000 0.500000
vt 0.125000 0.750000
vt 0.875000 0.500000
vt 0.875000 0.750000
s 0
usemtl Carpet
f 951/405/480 952/406/480 954/407/480 953/408/480
f 953/408/481 954/407/481 956/409/481 955/410/481
f 955/410/482 956/409/482 958/411/482 957/412/482
f 957/412/483 958/411/483 960/413/483 959/414/483
f 954/415/484 952/416/484 962/417/484 960/418/484 958/419/484 956/420/484
f 959/414/485 960/413/485 962/421/485 961/422/485
f 961/422/486 962/421/486 952/423/486 951/424/486
f 951/425/487 953/426/487 955/427/487 957/428/487 959/429/487 961/430/487
f 963/405/480 964/406/480 966/407/480 965/408/480
f 965/408/481 966/407/481 968/409/481 967/410/481
f 967/410/482 968/409/482 970/411/482 969/412/482
f 969/412/483 970/411/483 972/413/483 971/414/483
f 966/415/484 964/416/484 974/417/484 972/418/484 970/419/484 968/420/484
f 971/414/485 972/413/485 974/421/485 973/422/485
f 973/422/486 974/421/486 964/423/486 963/424/486
f 963/425/487 965/426/487 967/427/487 969/428/487 971/429/487 973/430/487
f 975/405/480 976/406/480 978/407/480 977/408/480
f 977/408/481 978/407/481 980/409/481 979/410/481
f 979/410/482 980/409/482 982/411/482 981/412/482
f 981/412/483 982/411/483 984/413/483 983/414/483
f 978/415/484 976/416/484 986/417/484 984/418/484 982/419/484 980/420/484
f 983/414/485 984/413/485 986/421/485 985/422/485
f 985/422/486 986/421/486 976/423/486 975/424/486
f 975/425/487 977/426/487 979/427/487 981/428/487 983/429/487 985/430/487
f 987/405/480 988/406/480 990/407/480 989/408/480
f 989/408/481 990/407/481 992/409/481 991/410/481
f 991/410/482 992/409/482 994/411/482 993/412/482
f 993/412/483 994/411/483 996/413/483 995/414/483
f 990/415/484 988/416/484 998/417/484 996/418/484 994/419/484 992/420/484
f 995/414/485 996/413/485 998/421/485 997/422/485
f 997/422/486 998/421/486 988/423/486 987/424/486
f 987/425/487 989/426/487 991/427/487 993/428/487 995/429/487 997/430/487
f 999/431/485 1000/432/485 1002/433/485 1001/434/485
f 1001/434/488 1002/433/488 1006/435/488 1005/436/488
f 1005/436/481 1006/435/481 1004/437/481 1003/438/481
f 1003/438/489 1004/437/489 1000/439/489 999/440/489
f 1001/441/487 1005/436/487 1003/438/487 999/442/487
f 1006/435/484 1002/443/484 1000/444/484 1004/437/484
f 1007/431/485 1008/432/485 1010/433/485 1009/434/485
f 1009/434/488 1010/433/488 1014/435/488 1013/436/488
f 1013/436/481 1014/435/481 1012/437/481 1011/438/481
f 1011/438/489 1012/437/489 1008/439/489 1007/440/489
f 1009/441/487 1013/436/487 1011/438/487 1007/442/487
f 1014/435/484 1010/443/484 1008/444/484 1012/437/484
f 1015/431/485 1016/432/485 1018/433/485 1017/434/485
f 1017/434/488 1018/433/488 1022/435/488 1021/436/488
f 1021/436/481 1022/435/481 1020/437/481 1019/438/481
f 1019/438/489 1020/437/489 1016/439/489 1015/440/489
f 1017/441/487 1021/436/487 1019/438/487 1015/442/487
f 1022/435/484 1018/443/484 1016/444/484 1020/437/484
o Gas_Tank
v -1.724015 -3.543054 14.009737
v -1.724015 6.456946 14.009737
v -0.870839 -3.543054 13.208325
v -0.870839 6.456946 13.208325
v 0.224078 -3.543054 12.794414
v 0.224078 6.456946 12.794414
v 1.394047 -3.543054 12.831017
v 1.394047 6.456946 12.831017
v 2.460952 -3.543054 13.312559
v 2.460952 6.456946 13.312559
v 3.262363 -3.543054 14.165735
v 3.262363 6.456946 14.165735
v 3.676275 -3.543054 15.260653
v 3.676275 6.456946 15.260653
v 3.639673 -3.543054 16.430622
v 3.639673 6.456946 16.430622
v 3.158129 -3.543054 17.497526
v 3.158129 6.456946 17.497526
v 2.304954 -3.543054 18.298937
v 2.304954 6.456946 18.298937
v 1.210036 -3.543054 18.712849
v 1.210036 6.456946 18.712849
v 0.040067 -3.543054 18.676247
v 0.040067 6.456946 18.676247
v -1.026837 -3.543054 18.194704
v -1.026837 6.456946 18.194704
v -1.828249 -3.543054 17.341528
v -1.828249 6.456946 17.341528
v -2.242161 -3.543054 16.246611
v -2.242161 6.456946 16.246611
v -2.205558 -3.543054 15.076641
v -2.205558 6.456946 15.076641
v -1.104563 -4.155452 14.452272
v -0.467891 -4.155452 13.854229
v 0.349178 -4.155452 13.545352
v 1.222253 -4.155452 13.572666
v 2.018416 -4.155452 13.932012
v 2.616460 -4.155452 14.568684
v 2.925336 -4.155452 15.385752
v 2.898022 -4.155452 16.258827
v 2.538677 -4.155452 17.054991
v 1.902005 -4.155452 17.653034
v 1.084936 -4.155452 17.961910
v 0.211861 -4.155452 17.934597
v -0.584302 -4.155452 17.575251
v -1.182346 -4.155452 16.938580
v -1.491222 -4.155452 16.121511
v -1.463908 -4.155452 15.248436
v -1.440274 -4.840736 14.212441
v -0.686268 -4.840736 13.504183
v 0.281380 -4.840736 13.138382
v 1.315356 -4.840736 13.170731
v 2.258247 -4.840736 13.596301
v 2.966506 -4.840736 14.350306
v 3.332306 -4.840736 15.317955
v 3.299958 -4.840736 16.351931
v 2.874388 -4.840736 17.294823
v 2.120382 -4.840736 18.003080
v 1.152734 -4.840736 18.368881
v 0.118758 -4.840736 18.336533
v -0.824133 -4.840736 17.910961
v -1.532392 -4.840736 17.156956
v -1.898192 -4.840736 16.189308
v -1.865844 -4.840736 15.155333
v -1.129487 -4.564324 14.434466
v -0.484104 -4.564324 13.828240
v 0.344144 -4.564324 13.515138
v 1.229165 -4.564324 13.542826
v 2.036222 -4.564324 13.907087
v 2.642448 -4.564324 14.552470
v 2.955551 -4.564324 15.380718
v 2.927863 -4.564324 16.265739
v 2.563601 -4.564324 17.072796
v 1.918218 -4.564324 17.679024
v 1.089970 -4.564324 17.992126
v 0.204949 -4.564324 17.964437
v -0.602108 -4.564324 17.600176
v -1.208334 -4.564324 16.954792
v -1.521437 -4.564324 16.126545
v -1.493749 -4.564324 15.241524
v -1.299067 7.853671 14.313318
v -0.594415 7.853671 13.651419
v 0.309897 7.853671 13.309562
v 1.276195 7.853671 13.339792
v 2.157370 7.853671 13.737508
v 2.819270 7.853671 14.442160
v 3.161127 7.853671 15.346472
v 3.130897 7.853671 16.312769
v 2.733181 7.853671 17.193945
v 2.028529 7.853671 17.855844
v 1.124217 7.853671 18.197701
v 0.157919 7.853671 18.167471
v -0.723256 7.853671 17.769756
v -1.385156 7.853671 17.065104
v -1.727013 7.853671 16.160791
v -1.696782 7.853671 15.194493
v -1.350907 8.417263 14.276284
v -0.628136 8.417263 13.597365
v 0.299429 8.417263 13.246717
v 1.290573 8.417263 13.277725
v 2.194406 8.417263 13.685667
v 2.873325 8.417263 14.408439
v 3.223972 8.417263 15.336002
v 3.192964 8.417263 16.327147
v 2.785022 8.417263 17.230980
v 2.062251 8.417263 17.909899
v 1.134687 8.417263 18.260546
v 0.143543 8.417263 18.229538
v -0.760290 8.417263 17.821596
v -1.439209 8.417263 17.098825
v -1.789856 8.417263 16.171261
v -1.758849 8.417263 15.180117
v 0.146444 7.220381 15.367455
v 0.262206 7.345096 15.184301
v 0.291190 7.592867 15.200714
v 0.204412 7.715924 15.400280
v 0.088649 7.591209 15.583433
v 0.059665 7.343438 15.567021
v -0.132098 7.305681 15.220416
v 0.011519 7.421865 15.051967
v 0.096211 7.652577 15.097787
v 0.037287 7.767103 15.312057
v -0.106330 7.650918 15.480506
v -0.191022 7.420207 15.434686
v -0.381781 7.469593 15.088989
v -0.213196 7.569386 14.933682
v -0.078567 7.767315 15.005788
v -0.112523 7.865450 15.233201
v -0.281108 7.765657 15.388508
v -0.415737 7.567728 15.316402
v -0.585590 7.700948 14.982133
v -0.396624 7.777606 14.837511
v -0.221233 7.929264 14.930988
v -0.234809 8.004264 15.169086
v -0.423775 7.927605 15.313707
v -0.599166 7.775948 15.220231
v -0.729637 7.983979 14.907127
v -0.526266 8.032334 14.770006
v -0.322066 8.127386 14.878485
v -0.321237 8.174083 15.124084
v -0.524608 8.125728 15.261204
v -0.728808 8.030676 15.152726
v -0.804104 8.299398 14.869084
v -0.593286 8.316211 14.735768
v -0.374193 8.348179 14.851855
v -0.365917 8.363334 15.101257
v -0.576734 8.346520 15.234574
v -0.795828 8.314553 15.118487
v -0.803916 8.625710 14.870598
v -0.593117 8.609892 14.737130
v -0.374062 8.576597 14.852914
v -0.365804 8.559121 15.102165
v -0.576603 8.574939 15.235634
v -0.795659 8.608233 15.119849
v -0.729088 8.940677 14.911563
v -0.525772 8.893362 14.773999
v -0.321681 8.797074 14.881590
v -0.320907 8.748101 15.126745
v -0.524223 8.795416 15.264309
v -0.728313 8.891704 15.156718
v -0.584717 9.222835 14.989189
v -0.395838 9.147305 14.843863
v -0.220622 8.994585 14.935928
v -0.234285 8.917396 15.173321
v -0.423163 8.992927 15.318647
v -0.598379 9.145646 15.226582
v -0.380642 9.452955 15.098186
v -0.212171 9.354412 14.941959
v -0.077769 9.155669 15.012226
v -0.111840 9.055468 15.238719
v -0.280311 9.154011 15.394945
v -0.414712 9.352754 15.324679
v -0.130772 9.615355 15.231126
v 0.012712 9.500572 15.061605
v 0.097139 9.269348 15.105284
v 0.038082 9.152907 15.318482
v -0.105402 9.267690 15.488003
v -0.189829 9.498914 15.444324
v 0.147867 9.698967 15.378948
v 0.263487 9.575823 15.194645
v 0.292187 9.327877 15.208759
v 0.205266 9.203074 15.407176
v 0.089645 9.326219 15.591478
v 0.060946 9.574164 15.577365
v 0.436284 9.698093 15.531580
v 0.523063 9.575037 15.332014
v 0.494079 9.327266 15.315601
v 0.378316 9.202551 15.498755
v 0.291537 9.325607 15.698320
v 0.320521 9.573379 15.714733
v 0.714825 9.612794 15.678618
v 0.773750 9.498267 15.464349
v 0.689058 9.267556 15.418529
v 0.545441 9.151371 15.586978
v 0.486516 9.265898 15.801249
v 0.571208 9.496610 15.847069
v 0.964508 9.448882 15.810045
v 0.998465 9.350746 15.582633
v 0.863836 9.152818 15.510528
v 0.695250 9.053024 15.665834
v 0.661294 9.151159 15.893247
v 0.795923 9.349088 15.965352
v 1.168318 9.217527 15.916903
v 1.181893 9.142528 15.678804
v 1.006502 8.990870 15.585327
v 0.817536 8.914211 15.729948
v 0.803961 8.989211 15.968046
v 0.979351 9.140869 16.061523
v 1.312364 8.934496 15.991908
v 1.311535 8.887799 15.746309
v 1.107335 8.792747 15.637831
v 0.903964 8.744392 15.774952
v 0.904793 8.791089 16.020550
v 1.108994 8.886141 16.129028
v 1.386831 8.619077 16.029951
v 1.378555 8.603922 15.780547
v 1.159462 8.571954 15.664461
v 0.948644 8.555141 15.797777
v 0.956920 8.570296 16.047180
v 1.176014 8.602263 16.163267
v 1.386644 8.292765 16.028437
v 1.378387 8.310241 15.779185
v 1.159331 8.343535 15.663402
v 0.948532 8.359354 15.796869
v 0.956789 8.341877 16.046122
v 1.175845 8.308582 16.161905
v 1.311815 7.977798 15.987472
v 1.311041 8.026772 15.742316
v 1.106951 8.123059 15.634726
v 0.903635 8.170374 15.772290
v 0.904409 8.121401 16.017445
v 1.108499 8.025113 16.125036
v 1.167444 7.695640 15.909845
v 1.181107 7.772829 15.672453
v 1.005891 7.925548 15.580387
v 0.817012 8.001079 15.725715
v 0.803349 7.923890 15.963107
v 0.978565 7.771170 16.055172
v 0.963370 7.465520 15.800849
v 0.997440 7.565721 15.574356
v 0.863039 7.764464 15.504090
v 0.694568 7.863007 15.660316
v 0.660497 7.762806 15.886809
v 0.794899 7.564063 15.957075
v 0.713499 7.303120 15.667910
v 0.772557 7.419561 15.454710
v 0.688130 7.650784 15.411032
v 0.544645 7.765567 15.580553
v 0.485588 7.649126 15.793752
v 0.570015 7.417902 15.837430
v 0.434861 7.219508 15.520086
v 0.521782 7.344310 15.321671
v 0.493082 7.592256 15.307556
v 0.377462 7.715400 15.491859
v 0.290541 7.590598 15.690275
v 0.319240 7.342652 15.704390
vn -0.6847 -0.0000 -0.7289
vn -0.3536 -0.0000 -0.9354
vn 0.0313 -0.0000 -0.9995
vn 0.4114 -0.0000 -0.9115
vn 0.7289 -0.0000 -0.6847
vn 0.9354 -0.0000 -0.3536
vn 0.9995 -0.0000 0.0313
vn 0.9115 -0.0000 0.4114
vn 0.6847 -0.0000 0.7289
vn 0.3536 -0.0000 0.9354
vn -0.0313 -0.0000 0.9995
vn -0.4114 -0.0000 0.9115
vn -0.7289 -0.0000 0.6847
vn -0.9354 -0.0000 0.3536
vn 0.0294 0.3443 -0.9384
vn -0.9995 -0.0000 -0.0313
vn -0.9115 -0.0000 -0.4114
vn 0.5932 -0.7732 -0.2242
vn 0.6276 0.5085 -0.5895
vn -0.0198 -0.7732 0.6339
vn -0.5780 -0.7732 -0.2609
vn 0.2609 -0.7732 -0.5780
vn 0.4342 -0.7732 0.4622
vn -0.5932 -0.7732 0.2242
vn -0.2242 -0.7732 -0.5932
vn 0.6339 -0.7732 0.0198
vn -0.2609 -0.7732 0.5780
vn 0.4622 -0.7732 -0.4342
vn 0.2242 -0.7732 0.5932
vn -0.6339 -0.7732 -0.0198
vn 0.0198 -0.7732 -0.6339
vn 0.5780 -0.7732 0.2609
vn -0.4342 -0.7732 -0.4622
vn -0.4622 -0.7732 0.4342
vn -0.2099 -0.8047 -0.5554
vn -0.6276 0.5085 0.5895
vn 0.8055 0.5085 -0.3045
vn -0.8055 0.5085 0.3045
vn 0.8607 0.5085 0.0269
vn -0.8607 0.5085 -0.0269
vn 0.7848 0.5085 0.3542
vn -0.5895 0.5085 -0.6276
vn -0.7848 0.5085 -0.3542
vn 0.5895 0.5085 0.6276
vn -0.3045 0.5085 -0.8055
vn 0.3045 0.5085 0.8055
vn 0.0269 0.5085 -0.8607
vn -0.0269 0.5085 0.8607
vn 0.3542 0.5085 -0.7848
vn -0.3542 0.5085 0.7848
vn -0.0000 -1.0000 -0.0000
vn -0.0186 -0.8047 0.5934
vn 0.0186 -0.8047 -0.5934
vn -0.2443 -0.8047 0.5412
vn 0.2443 -0.8047 -0.5412
vn -0.4328 -0.8047 0.4065
vn 0.4328 -0.8047 -0.4065
vn -0.5554 -0.8047 0.2099
vn 0.5554 -0.8047 -0.2099
vn -0.5934 -0.8047 -0.0186
vn 0.5934 -0.8047 0.0186
vn -0.5412 -0.8047 -0.2443
vn 0.4065 -0.8047 0.4328
vn 0.5412 -0.8047 0.2443
vn -0.4065 -0.8047 -0.4328
vn 0.2099 -0.8047 0.5554
vn -0.7244 -0.1102 0.6805
vn 0.8557 0.3443 0.3862
vn -0.6428 0.3443 -0.6843
vn -0.6843 0.3443 0.6428
vn 0.8782 0.3443 -0.3320
vn -0.0294 0.3443 0.9384
vn -0.8557 0.3443 -0.3862
vn 0.3862 0.3443 -0.8557
vn 0.6428 0.3443 0.6843
vn -0.8782 0.3443 0.3320
vn -0.3320 0.3443 -0.8782
vn 0.9384 0.3443 0.0294
vn -0.3862 0.3443 0.8557
vn 0.6843 0.3443 -0.6428
vn 0.3320 0.3443 0.8782
vn -0.9384 0.3443 -0.0294
vn -0.0000 1.0000 -0.0000
vn 0.9297 -0.1102 -0.3515
vn -0.9297 -0.1102 0.3515
vn 0.9934 -0.1102 0.0311
vn -0.9934 -0.1102 -0.0311
vn 0.9059 -0.1102 0.4089
vn -0.6805 -0.1102 -0.7244
vn -0.9059 -0.1102 -0.4089
vn 0.6805 -0.1102 0.7244
vn -0.3515 -0.1102 -0.9297
vn 0.3515 -0.1102 0.9297
vn 0.0311 -0.1102 -0.9934
vn -0.0311 -0.1102 0.9934
vn 0.4089 -0.1102 -0.9059
vn -0.4089 -0.1102 0.9059
vn 0.7244 -0.1102 -0.6805
vn 0.0334 -0.8358 -0.5480
vn 0.4678 0.0038 -0.8839
vn 0.4314 0.8396 -0.3301
vn -0.0334 0.8358 0.5480
vn -0.4678 -0.0038 0.8839
vn -0.4314 -0.8396 0.3301
vn -0.1516 -0.7485 -0.6455
vn 0.4677 0.0038 -0.8839
vn 0.6163 0.7523 -0.2326
vn 0.1516 0.7485 0.6455
vn -0.4677 -0.0038 0.8839
vn -0.6163 -0.7523 0.2326
vn -0.3104 -0.6101 -0.7290
vn 0.7751 0.6139 -0.1492
vn 0.3104 0.6101 0.7290
vn -0.7751 -0.6139 0.1492
vn -0.4322 -0.4300 -0.7927
vn 0.8969 0.4338 -0.0855
vn 0.4322 0.4300 0.7927
vn -0.8969 -0.4338 0.0855
vn -0.5087 -0.2205 -0.8322
vn 0.9734 0.2243 -0.0459
vn 0.5087 0.2205 0.8322
vn -0.9734 -0.2243 0.0459
vn -0.5347 0.0042 -0.8450
vn 0.9995 -0.0004 -0.0331
vn 0.5347 -0.0042 0.8450
vn -0.9995 0.0004 0.0331
vn -0.5084 0.2288 -0.8302
vn 0.9732 -0.2250 -0.0480
vn 0.5084 -0.2288 0.8302
vn -0.9732 0.2250 0.0480
vn -0.4317 0.4378 -0.7886
vn 0.8964 -0.4340 -0.0895
vn 0.4317 -0.4378 0.7886
vn -0.8964 0.4340 0.0895
vn -0.3097 0.6172 -0.7233
vn 0.7744 -0.6134 -0.1549
vn 0.3097 -0.6172 0.7233
vn -0.7744 0.6134 0.1549
vn -0.1507 0.7547 -0.6386
vn 0.6155 -0.7509 -0.2396
vn 0.1507 -0.7547 0.6386
vn -0.6155 0.7509 0.2396
vn 0.0343 0.8408 -0.5403
vn 0.4304 -0.8370 -0.3379
vn -0.0343 -0.8408 0.5403
vn -0.4304 0.8370 0.3379
vn 0.2329 0.8698 -0.4351
vn 0.2319 -0.8660 -0.4431
vn -0.2329 -0.8698 0.4351
vn -0.2319 0.8660 0.4431
vn 0.4322 0.4300 0.7926
vt 1.000000 0.500000
vt 1.000000 1.000000
vt 0.937500 1.000000
vt 0.937500 0.500000
vt 0.875000 1.000000
vt 0.875000 0.500000
vt 0.812500 1.000000
vt 0.812500 0.500000
vt 0.750000 1.000000
vt 0.750000 0.500000
vt 0.687500 1.000000
vt 0.687500 0.500000
vt 0.625000 1.000000
vt 0.625000 0.500000
vt 0.562500 1.000000
vt 0.562500 0.500000
vt 0.500000 1.000000
vt 0.500000 0.500000
vt 0.437500 1.000000
vt 0.437500 0.500000
vt 0.375000 1.000000
vt 0.375000 0.500000
vt 0.312500 1.000000
vt 0.312500 0.500000
vt 0.250000 1.000000
vt 0.250000 0.500000
vt 0.187500 1.000000
vt 0.187500 0.500000
vt 0.125000 1.000000
vt 0.125000 0.500000
vt 0.062500 1.000000
vt 0.062500 0.500000
vt 0.000000 1.000000
vt 0.000000 0.500000
vt 0.750000 0.490000
vt 0.841844 0.471731
vt 0.919706 0.419706
vt 0.971731 0.341844
vt 0.990000 0.250000
vt 0.971731 0.158156
vt 0.919706 0.080294
vt 0.841844 0.028269
vt 0.750000 0.010000
vt 0.658156 0.028269
vt 0.580294 0.080294
vt 0.528269 0.158156
vt 0.510000 0.250000
vt 0.528269 0.341844
vt 0.580294 0.419706
vt 0.658156 0.471731
vt 0.341844 0.471731
vt 0.250000 0.490000
vt 0.158156 0.471731
vt 0.080294 0.419706
vt 0.028269 0.341844
vt 0.010000 0.250000
vt 0.028269 0.158156
vt 0.080294 0.080294
vt 0.158156 0.028269
vt 0.250000 0.010000
vt 0.341844 0.028269
vt 0.419706 0.080294
vt 0.471731 0.158156
vt 0.490000 0.250000
vt 0.471731 0.341844
vt 0.419706 0.419706
vt 0.541667 0.500000
vt 0.541667 0.666667
vt 0.500000 0.666667
vt 0.541667 0.833333
vt 0.500000 0.833333
vt 0.541667 1.000000
vt 0.500000 -0.000000
vt 0.541667 -0.000000
vt 0.541667 0.166667
vt 0.500000 0.166667
vt 0.541667 0.333333
vt 0.500000 0.333333
vt 0.583333 0.500000
vt 0.583333 0.666667
vt 0.583333 0.833333
vt 0.583333 1.000000
vt 0.583333 -0.000000
vt 0.583333 0.166667
vt 0.583333 0.333333
vt 0.625000 0.666667
vt 0.625000 0.833333
vt 0.625000 -0.000000
vt 0.625000 0.166667
vt 0.625000 0.333333
vt 0.666667 0.500000
vt 0.666667 0.666667
vt 0.666667 0.833333
vt 0.666667 1.000000
vt 0.666667 -0.000000
vt 0.666667 0.166667
vt 0.666667 0.333333
vt 0.708333 0.500000
vt 0.708333 0.666667
vt 0.708333 0.833333
vt 0.708333 1.000000
vt 0.708333 -0.000000
vt 0.708333 0.166667
vt 0.708333 0.333333
vt 0.750000 0.666667
vt 0.750000 0.833333
vt 0.750000 -0.000000
vt 0.750000 0.166667
vt 0.750000 0.333333
vt 0.791667 0.500000
vt 0.791667 0.666667
vt 0.791667 0.833333
vt 0.791667 1.000000
vt 0.791667 -0.000000
vt 0.791667 0.166667
vt 0.791667 0.333333
vt 0.833333 0.500000
vt 0.833333 0.666667
vt 0.833333 0.833333
vt 0.833333 1.000000
vt 0.833333 -0.000000
vt 0.833333 0.166667
vt 0.833333 0.333333
vt 0.875000 0.666667
vt 0.875000 0.833333
vt 0.875000 -0.000000
vt 0.875000 0.166667
vt 0.875000 0.333333
vt 0.916667 0.500000
vt 0.916667 0.666667
vt 0.916667 0.833333
vt 0.916667 1.000000
vt 0.916667 -0.000000
vt 0.916667 0.166667
vt 0.916667 0.333333
vt 0.958333 0.500000
vt 0.958333 0.666667
vt 0.958333 0.833333
vt 0.958333 1.000000
vt 0.958333 -0.000000
vt 0.958333 0.166667
vt 0.958333 0.333333
vt 1.000000 0.666667
vt 1.000000 0.833333
vt 1.000000 -0.000000
vt 1.000000 0.166667
vt 1.000000 0.333333
vt -0.000000 0.500000
vt 0.041667 0.500000
vt 0.041667 0.666667
vt -0.000000 0.666667
vt 0.041667 0.833333
vt -0.000000 0.833333
vt 0.041667 1.000000
vt -0.000000 1.000000
vt -0.000000 -0.000000
vt 0.041667 -0.000000
vt 0.041667 0.166667
vt -0.000000 0.166667
vt 0.041667 0.333333
vt -0.000000 0.333333
vt 0.083333 0.500000
vt 0.083333 0.666667
vt 0.083333 0.833333
vt 0.083333 1.000000
vt 0.083333 -0.000000
vt 0.083333 0.166667
vt 0.083333 0.333333
vt 0.125000 0.666667
vt 0.125000 0.833333
vt 0.125000 -0.000000
vt 0.125000 0.166667
vt 0.125000 0.333333
vt 0.166667 0.500000
vt 0.166667 0.666667
vt 0.166667 0.833333
vt 0.166667 1.000000
vt 0.166667 -0.000000
vt 0.166667 0.166667
vt 0.166667 0.333333
vt 0.208333 0.500000
vt 0.208333 0.666667
vt 0.208333 0.833333
vt 0.208333 1.000000
vt 0.208333 -0.000000
vt 0.208333 0.166667
vt 0.208333 0.333333
vt 0.250000 0.666667
vt 0.250000 0.833333
vt 0.250000 -0.000000
vt 0.250000 0.166667
vt 0.250000 0.333333
vt 0.291667 0.500000
vt 0.291667 0.666667
vt 0.291667 0.833333
vt 0.291667 1.000000
vt 0.291667 -0.000000
vt 0.291667 0.166667
vt 0.291667 0.333333
vt 0.333333 0.500000
vt 0.333333 0.666667
vt 0.333333 0.833333
vt 0.333333 1.000000
vt 0.333333 -0.000000
vt 0.333333 0.166667
vt 0.333333 0.333333
vt 0.375000 0.666667
vt 0.375000 0.833333
vt 0.375000 -0.000000
vt 0.375000 0.166667
vt 0.375000 0.333333
vt 0.416667 0.500000
vt 0.416667 0.666667
vt 0.416667 0.833333
vt 0.416667 1.000000
vt 0.416667 -0.000000
vt 0.416667 0.166667
vt 0.416667 0.333333
vt 0.458333 0.500000
vt 0.458333 0.666667
vt 0.458333 0.833333
vt 0.458333 1.000000
vt 0.458333 -0.000000
vt 0.458333 0.166667
vt 0.458333 0.333333
s 0
usemtl BrassPipe
f 1023/445/490 1024/446/490 1026/447/490 1025/448/490
f 1025/448/491 1026/447/491 1028/449/491 1027/450/491
f 1027/450/492 1028/449/492 1030/451/492 1029/452/492
f 1029/452/493 1030/451/493 1032/453/493 1031/454/493
f 1031/454/494 1032/453/494 1034/455/494 1033/456/494
f 1033/456/495 1034/455/495 1036/457/495 1035/458/495
f 1035/458/496 1036/457/496 1038/459/496 1037/460/496
f 1037/460/497 1038/459/497 1040/461/497 1039/462/497
f 1039/462/498 1040/461/498 1042/463/498 1041/464/498
f 1041/464/499 1042/463/499 1044/465/499 1043/466/499
f 1043/466/500 1044/465/500 1046/467/500 1045/468/500
f 1045/468/501 1046/467/501 1048/469/501 1047/470/501
f 1047/470/502 1048/469/502 1050/471/502 1049/472/502
f 1049/472/503 1050/471/503 1052/473/503 1051/474/503
f 1030/451/504 1028/449/504 1105/449/504 1106/451/504
f 1051/474/505 1052/473/505 1054/475/505 1053/476/505
f 1053/476/506 1054/475/506 1024/477/506 1023/478/506
f 1033/456/507 1035/458/507 1061/458/507 1060/456/507
f 1059/454/508 1060/456/508 1076/456/508 1075/454/508
f 1043/466/509 1045/468/509 1066/468/509 1065/466/509
f 1053/476/510 1023/478/510 1055/478/510 1070/476/510
f 1029/452/511 1031/454/511 1059/454/511 1058/452/511
f 1039/462/512 1041/464/512 1064/464/512 1063/462/512
f 1049/472/513 1051/474/513 1069/474/513 1068/472/513
f 1025/448/514 1027/450/514 1057/450/514 1056/448/514
f 1035/458/515 1037/460/515 1062/460/515 1061/458/515
f 1045/468/516 1047/470/516 1067/470/516 1066/468/516
f 1031/454/517 1033/456/517 1060/456/517 1059/454/517
f 1041/464/518 1043/466/518 1065/466/518 1064/464/518
f 1051/474/519 1053/476/519 1070/476/519 1069/474/519
f 1027/450/520 1029/452/520 1058/452/520 1057/450/520
f 1037/460/521 1039/462/521 1063/462/521 1062/460/521
f 1023/445/522 1025/448/522 1056/448/522 1055/445/522
f 1047/470/523 1049/472/523 1068/472/523 1067/470/523
f 1080/464/524 1081/466/524 1097/466/524 1096/464/524
f 1067/470/525 1068/472/525 1084/472/525 1083/470/525
f 1060/456/526 1061/458/526 1077/458/526 1076/456/526
f 1068/472/527 1069/474/527 1085/474/527 1084/472/527
f 1061/458/528 1062/460/528 1078/460/528 1077/458/528
f 1069/474/529 1070/476/529 1086/476/529 1085/474/529
f 1062/460/530 1063/462/530 1079/462/530 1078/460/530
f 1055/445/531 1056/448/531 1072/448/531 1071/445/531
f 1070/476/532 1055/478/532 1071/478/532 1086/476/532
f 1063/462/533 1064/464/533 1080/464/533 1079/462/533
f 1056/448/534 1057/450/534 1073/450/534 1072/448/534
f 1064/464/535 1065/466/535 1081/466/535 1080/464/535
f 1057/450/536 1058/452/536 1074/452/536 1073/450/536
f 1065/466/537 1066/468/537 1082/468/537 1081/466/537
f 1058/452/538 1059/454/538 1075/454/538 1074/452/538
f 1066/468/539 1067/470/539 1083/470/539 1082/468/539
f 1087/479/540 1088/480/540 1089/481/540 1090/482/540 1091/483/540 1092/484/540 1093/485/540 1094/486/540 1095/487/540 1096/488/540 1097/489/540 1098/490/540 1099/491/540 1100/492/540 1101/493/540 1102/494/540
f 1073/450/541 1074/452/541 1090/452/541 1089/450/541
f 1081/466/542 1082/468/542 1098/468/542 1097/466/542
f 1074/452/543 1075/454/543 1091/454/543 1090/452/543
f 1082/468/544 1083/470/544 1099/470/544 1098/468/544
f 1075/454/545 1076/456/545 1092/456/545 1091/454/545
f 1083/470/546 1084/472/546 1100/472/546 1099/470/546
f 1076/456/547 1077/458/547 1093/458/547 1092/456/547
f 1084/472/548 1085/474/548 1101/474/548 1100/472/548
f 1077/458/549 1078/460/549 1094/460/549 1093/458/549
f 1085/474/550 1086/476/550 1102/476/550 1101/474/550
f 1078/460/551 1079/462/551 1095/462/551 1094/460/551
f 1071/445/552 1072/448/552 1088/448/552 1087/445/552
f 1086/476/553 1071/478/553 1087/478/553 1102/476/553
f 1079/462/554 1080/464/554 1096/464/554 1095/462/554
f 1072/448/555 1073/450/555 1089/450/555 1088/448/555
f 1116/471/556 1115/469/556 1131/469/556 1132/471/556
f 1040/461/557 1038/459/557 1110/459/557 1111/461/557
f 1026/447/558 1024/446/558 1103/446/558 1104/447/558
f 1050/471/559 1048/469/559 1115/469/559 1116/471/559
f 1036/457/560 1034/455/560 1108/455/560 1109/457/560
f 1046/467/561 1044/465/561 1113/465/561 1114/467/561
f 1024/477/562 1054/475/562 1118/475/562 1103/477/562
f 1032/453/563 1030/451/563 1106/451/563 1107/453/563
f 1042/463/564 1040/461/564 1111/461/564 1112/463/564
f 1052/473/565 1050/471/565 1116/471/565 1117/473/565
f 1028/449/566 1026/447/566 1104/447/566 1105/449/566
f 1038/459/567 1036/457/567 1109/457/567 1110/459/567
f 1048/469/568 1046/467/568 1114/467/568 1115/469/568
f 1034/455/569 1032/453/569 1107/453/569 1108/455/569
f 1044/465/570 1042/463/570 1112/463/570 1113/465/570
f 1054/475/571 1052/473/571 1117/473/571 1118/475/571
f 1120/495/572 1119/496/572 1134/497/572 1133/498/572 1132/499/572 1131/500/572 1130/501/572 1129/502/572 1128/503/572 1127/504/572 1126/505/572 1125/506/572 1124/507/572 1123/508/572 1122/509/572 1121/510/572
f 1109/457/573 1108/455/573 1124/455/573 1125/457/573
f 1117/473/574 1116/471/574 1132/471/574 1133/473/574
f 1110/459/575 1109/457/575 1125/457/575 1126/459/575
f 1118/475/576 1117/473/576 1133/473/576 1134/475/576
f 1111/461/577 1110/459/577 1126/459/577 1127/461/577
f 1104/447/578 1103/446/578 1119/446/578 1120/447/578
f 1103/477/579 1118/475/579 1134/475/579 1119/477/579
f 1112/463/580 1111/461/580 1127/461/580 1128/463/580
f 1105/449/581 1104/447/581 1120/447/581 1121/449/581
f 1113/465/582 1112/463/582 1128/463/582 1129/465/582
f 1106/451/583 1105/449/583 1121/449/583 1122/451/583
f 1114/467/584 1113/465/584 1129/465/584 1130/467/584
f 1107/453/585 1106/451/585 1122/451/585 1123/453/585
f 1115/469/586 1114/467/586 1130/467/586 1131/469/586
f 1108/455/587 1107/453/587 1123/453/587 1124/455/587
f 1135/462/588 1141/511/588 1142/512/588 1136/513/588
f 1136/513/589 1142/512/589 1143/514/589 1137/515/589
f 1137/515/590 1143/514/590 1144/516/590 1138/461/590
f 1138/517/591 1144/518/591 1145/519/591 1139/520/591
f 1139/520/592 1145/519/592 1146/521/592 1140/522/592
f 1140/522/593 1146/521/593 1141/511/593 1135/462/593
f 1141/511/594 1147/523/594 1148/524/594 1142/512/594
f 1142/512/595 1148/524/595 1149/525/595 1143/514/595
f 1143/514/596 1149/525/596 1150/526/596 1144/516/596
f 1144/518/597 1150/527/597 1151/528/597 1145/519/597
f 1145/519/598 1151/528/598 1152/529/598 1146/521/598
f 1146/521/599 1152/529/599 1147/523/599 1141/511/599
f 1147/523/600 1153/458/600 1154/530/600 1148/524/600
f 1148/524/589 1154/530/589 1155/531/589 1149/525/589
f 1149/525/601 1155/531/601 1156/457/601 1150/526/601
f 1150/527/602 1156/532/602 1157/533/602 1151/528/602
f 1151/528/598 1157/533/598 1158/534/598 1152/529/598
f 1152/529/603 1158/534/603 1153/458/603 1147/523/603
f 1153/458/604 1159/535/604 1160/536/604 1154/530/604
f 1154/530/595 1160/536/595 1161/537/595 1155/531/595
f 1155/531/605 1161/537/605 1162/538/605 1156/457/605
f 1156/532/606 1162/539/606 1163/540/606 1157/533/606
f 1157/533/592 1163/540/592 1164/541/592 1158/534/592
f 1158/534/607 1164/541/607 1159/535/607 1153/458/607
f 1159/535/608 1165/542/608 1166/543/608 1160/536/608
f 1160/536/595 1166/543/595 1167/544/595 1161/537/595
f 1161/537/609 1167/544/609 1168/545/609 1162/538/609
f 1162/539/610 1168/546/610 1169/547/610 1163/540/610
f 1163/540/598 1169/547/598 1170/548/598 1164/541/598
f 1164/541/611 1170/548/611 1165/542/611 1159/535/611
f 1165/542/612 1171/454/612 1172/549/612 1166/543/612
f 1166/543/595 1172/549/595 1173/550/595 1167/544/595
f 1167/544/613 1173/550/613 1174/453/613 1168/545/613
f 1168/546/614 1174/551/614 1175/552/614 1169/547/614
f 1169/547/592 1175/552/592 1176/553/592 1170/548/592
f 1170/548/615 1176/553/615 1171/454/615 1165/542/615
f 1171/454/616 1177/554/616 1178/555/616 1172/549/616
f 1172/549/595 1178/555/595 1179/556/595 1173/550/595
f 1173/550/617 1179/556/617 1180/557/617 1174/453/617
f 1174/551/618 1180/558/618 1181/559/618 1175/552/618
f 1175/552/598 1181/559/598 1182/560/598 1176/553/598
f 1176/553/619 1182/560/619 1177/554/619 1171/454/619
f 1177/554/620 1183/561/620 1184/562/620 1178/555/620
f 1178/555/595 1184/562/595 1185/563/595 1179/556/595
f 1179/556/621 1185/563/621 1186/564/621 1180/557/621
f 1180/558/622 1186/565/622 1187/566/622 1181/559/622
f 1181/559/592 1187/566/592 1188/567/592 1182/560/592
f 1182/560/623 1188/567/623 1183/561/623 1177/554/623
f 1183/561/624 1189/450/624 1190/568/624 1184/562/624
f 1184/562/595 1190/568/595 1191/569/595 1185/563/595
f 1185/563/625 1191/569/625 1192/449/625 1186/564/625
f 1186/565/626 1192/570/626 1193/571/626 1187/566/626
f 1187/566/598 1193/571/598 1194/572/598 1188/567/598
f 1188/567/627 1194/572/627 1189/450/627 1183/561/627
f 1189/450/628 1195/573/628 1196/574/628 1190/568/628
f 1190/568/595 1196/574/595 1197/575/595 1191/569/595
f 1191/569/629 1197/575/629 1198/576/629 1192/449/629
f 1192/570/630 1198/577/630 1199/578/630 1193/571/630
f 1193/571/598 1199/578/598 1200/579/598 1194/572/598
f 1194/572/631 1200/579/631 1195/573/631 1189/450/631
f 1195/573/632 1201/580/632 1202/581/632 1196/574/632
f 1196/574/595 1202/581/595 1203/582/595 1197/575/595
f 1197/575/633 1203/582/633 1204/583/633 1198/576/633
f 1198/577/634 1204/584/634 1205/585/634 1199/578/634
f 1199/578/598 1205/585/598 1206/586/598 1200/579/598
f 1200/579/635 1206/586/635 1201/580/635 1195/573/635
f 1201/580/636 1207/445/636 1208/587/636 1202/581/636
f 1202/581/595 1208/587/595 1209/588/595 1203/582/595
f 1203/582/637 1209/588/637 1210/446/637 1204/583/637
f 1204/584/638 1210/589/638 1211/590/638 1205/585/638
f 1205/585/598 1211/590/598 1212/591/598 1206/586/598
f 1206/586/639 1212/591/639 1207/445/639 1201/580/639
f 1207/592/590 1213/593/590 1214/594/590 1208/595/590
f 1208/595/589 1214/594/589 1215/596/589 1209/597/589
f 1209/597/588 1215/596/588 1216/598/588 1210/599/588
f 1210/600/593 1216/601/593 1217/602/593 1211/603/593
f 1211/603/598 1217/602/598 1218/604/598 1212/605/598
f 1212/605/591 1218/604/591 1213/593/591 1207/592/591
f 1213/593/596 1219/606/596 1220/607/596 1214/594/596
f 1214/594/595 1220/607/595 1221/608/595 1215/596/595
f 1215/596/594 1221/608/594 1222/609/594 1216/598/594
f 1216/601/599 1222/610/599 1223/611/599 1217/602/599
f 1217/602/598 1223/611/598 1224/612/598 1218/604/598
f 1218/604/597 1224/612/597 1219/606/597 1213/593/597
f 1219/606/601 1225/474/601 1226/613/601 1220/607/601
f 1220/607/595 1226/613/595 1227/614/595 1221/608/595
f 1221/608/600 1227/614/600 1228/473/600 1222/609/600
f 1222/610/603 1228/615/603 1229/616/603 1223/611/603
f 1223/611/592 1229/616/592 1230/617/592 1224/612/592
f 1224/612/602 1230/617/602 1225/474/602 1219/606/602
f 1225/474/605 1231/618/605 1232/619/605 1226/613/605
f 1226/613/595 1232/619/595 1233/620/595 1227/614/595
f 1227/614/604 1233/620/604 1234/621/604 1228/473/604
f 1228/615/607 1234/622/607 1235/623/607 1229/616/607
f 1229/616/598 1235/623/598 1236/624/598 1230/617/598
f 1230/617/640 1236/624/640 1231/618/640 1225/474/640
f 1231/618/609 1237/625/609 1238/626/609 1232/619/609
f 1232/619/595 1238/626/595 1239/627/595 1233/620/595
f 1233/620/608 1239/627/608 1240/628/608 1234/621/608
f 1234/622/611 1240/629/611 1241/630/611 1235/623/611
f 1235/623/592 1241/630/592 1242/631/592 1236/624/592
f 1236/624/610 1242/631/610 1237/625/610 1231/618/610
f 1237/625/613 1243/470/613 1244/632/613 1238/626/613
f 1238/626/595 1244/632/595 1245/633/595 1239/627/595
f 1239/627/612 1245/633/612 1246/469/612 1240/628/612
f 1240/629/615 1246/634/615 1247/635/615 1241/630/615
f 1241/630/598 1247/635/598 1248/636/598 1242/631/598
f 1242/631/614 1248/636/614 1243/470/614 1237/625/614
f 1243/470/617 1249/637/617 1250/638/617 1244/632/617
f 1244/632/595 1250/638/595 1251/639/595 1245/633/595
f 1245/633/616 1251/639/616 1252/640/616 1246/469/616
f 1246/634/619 1252/641/619 1253/642/619 1247/635/619
f 1247/635/598 1253/642/598 1254/643/598 1248/636/598
f 1248/636/618 1254/643/618 1249/637/618 1243/470/618
f 1249/637/621 1255/644/621 1256/645/621 1250/638/621
f 1250/638/595 1256/645/595 1257/646/595 1251/639/595
f 1251/639/620 1257/646/620 1258/647/620 1252/640/620
f 1252/641/623 1258/648/623 1259/649/623 1253/642/623
f 1253/642/598 1259/649/598 1260/650/598 1254/643/598
f 1254/643/622 1260/650/622 1255/644/622 1249/637/622
f 1255/644/625 1261/466/625 1262/651/625 1256/645/625
f 1256/645/595 1262/651/595 1263/652/595 1257/646/595
f 1257/646/624 1263/652/624 1264/465/624 1258/647/624
f 1258/648/627 1264/653/627 1265/654/627 1259/649/627
f 1259/649/598 1265/654/598 1266/655/598 1260/650/598
f 1260/650/626 1266/655/626 1261/466/626 1255/644/626
f 1261/466/629 1267/656/629 1268/657/629 1262/651/629
f 1262/651/595 1268/657/595 1269/658/595 1263/652/595
f 1263/652/628 1269/658/628 1270/659/628 1264/465/628
f 1264/653/631 1270/660/631 1271/661/631 1265/654/631
f 1265/654/598 1271/661/598 1272/662/598 1266/655/598
f 1266/655/630 1272/662/630 1267/656/630 1261/466/630
f 1267/656/633 1273/663/633 1274/664/633 1268/657/633
f 1268/657/595 1274/664/595 1275/665/595 1269/658/595
f 1269/658/632 1275/665/632 1276/666/632 1270/659/632
f 1270/660/635 1276/667/635 1277/668/635 1271/661/635
f 1271/661/598 1277/668/598 1278/669/598 1272/662/598
f 1272/662/634 1278/669/634 1273/663/634 1267/656/634
f 1273/663/637 1135/462/637 1136/513/637 1274/664/637
f 1274/664/589 1136/513/589 1137/515/589 1275/665/589
f 1275/665/636 1137/515/636 1138/461/636 1276/666/636
f 1276/667/639 1138/517/639 1139/520/639 1277/668/639
f 1277/668/598 1139/520/598 1140/522/598 1278/669/598
f 1278/669/638 1140/522/638 1135/462/638 1273/663/638
o EWeld_Machine
v -15.958624 1.769500 -8.910046
v -15.958624 3.769500 -8.910046
v -15.958624 1.769500 -10.110046
v -15.958624 3.769500 -10.110046
v -13.958624 1.769500 -8.910046
v -13.958624 3.769500 -8.910046
v -13.958624 1.769500 -10.110046
v -13.958624 3.769500 -10.110046
v -13.901217 3.439261 -9.962022
v -13.989684 3.439261 -9.962022
v -13.989684 3.415516 -9.477622
v -13.901217 3.415516 -9.477622
v -13.989684 3.290489 -9.425834
v -13.901217 3.290489 -9.425834
v -13.989684 3.238702 -9.300807
v -13.901217 3.238702 -9.300807
v -13.989684 3.290489 -9.175781
v -13.901217 3.290489 -9.175781
v -13.989684 3.415516 -9.123993
v -13.901217 3.415516 -9.123993
v -13.989684 3.540542 -9.175781
v -13.901217 3.540542 -9.175781
v -13.989684 3.592330 -9.300807
v -13.901217 3.592330 -9.300807
v -13.989684 3.540542 -9.425834
v -13.901217 3.540542 -9.425834
v -13.989684 3.314235 -9.910234
v -13.901217 3.314235 -9.910234
v -13.989684 3.262447 -9.785208
v -13.901217 3.262447 -9.785208
v -13.989684 3.314235 -9.660182
v -13.901217 3.314235 -9.660182
v -13.989684 3.439261 -9.608394
v -13.901217 3.439261 -9.608394
v -13.989684 3.564288 -9.660182
v -13.901217 3.564288 -9.660182
v -13.989684 3.616075 -9.785208
v -13.901217 3.616075 -9.785208
v -13.989684 3.564288 -9.910234
v -13.901217 3.564288 -9.910234
v -13.901217 2.261503 -9.981018
v -13.989684 2.261503 -9.981018
v -13.989684 2.136477 -9.929231
v -13.901217 2.136477 -9.929231
v -13.989684 2.084689 -9.804204
v -13.901217 2.084689 -9.804204
v -13.989684 2.136477 -9.679177
v -13.901217 2.136477 -9.679177
v -13.989684 2.261503 -9.627390
v -13.901217 2.261503 -9.627390
v -13.989684 2.386529 -9.679177
v -13.901217 2.386529 -9.679177
v -13.989684 2.438317 -9.804204
v -13.901217 2.438317 -9.804204
v -13.989684 2.386529 -9.929231
v -13.901217 2.386529 -9.929231
v -14.136456 2.556008 -9.059578
v -14.136456 3.069250 -9.059578
v -14.136456 2.556008 -9.950487
v -14.136456 3.069250 -9.950487
v -13.780769 2.556008 -9.059578
v -13.780769 3.069250 -9.059578
v -13.780769 2.556008 -9.950487
v -13.780769 3.069250 -9.950487
vn -1.0000 -0.0000 -0.0000
vn -0.0000 -0.0000 -1.0000
vn 1.0000 -0.0000 -0.0000
vn -0.0000 -0.0000 1.0000
vn -0.0000 -1.0000 -0.0000
vn -0.0000 1.0000 -0.0000
vn -0.0000 -0.3827 0.9239
vn -0.0000 -0.3827 -0.9239
vn -0.0000 0.9239 0.3827
vn -0.0000 -0.9239 -0.3827
vn -0.0000 0.3827 0.9239
vn -0.0000 -0.9239 0.3827
vn -0.0000 0.3827 -0.9239
vn -0.0000 0.9239 -0.3827
vt 0.375000 0.000000
vt 0.625000 0.000000
vt 0.625000 0.250000
vt 0.375000 0.250000
vt 0.625000 0.500000
vt 0.375000 0.500000
vt 0.625000 0.750000
vt 0.375000 0.750000
vt 0.625000 1.000000
vt 0.375000 1.000000
vt 0.125000 0.500000
vt 0.125000 0.750000
vt 0.875000 0.500000
vt 0.875000 0.750000
vt 0.500000 1.000000
vt 0.500000 0.500000
vt 0.419706 0.419706
vt 0.250000 0.490000
vt 0.080294 0.419706
vt 0.010000 0.250000
vt 0.080294 0.080294
vt 0.250000 0.010000
vt 0.419706 0.080294
vt 0.490000 0.250000
vt 1.000000 0.500000
vt 1.000000 1.000000
vt 0.875000 1.000000
vt 0.750000 0.490000
vt 0.919706 0.419706
vt 0.990000 0.250000
vt 0.919706 0.080294
vt 0.750000 0.010000
vt 0.580294 0.080294
vt 0.510000 0.250000
vt 0.580294 0.419706
vt 0.250000 1.000000
vt 0.250000 0.500000
vt 0.750000 1.000000
vt 0.750000 0.500000
vt 0.125000 1.000000
vt 0.000000 1.000000
vt 0.000000 0.500000
s 0
f 1279/670/641 1280/671/641 1282/672/641 1281/673/641
f 1281/673/642 1282/672/642 1286/674/642 1285/675/642
f 1285/675/643 1286/674/643 1284/676/643 1283/677/643
f 1283/677/644 1284/676/644 1280/678/644 1279/679/644
f 1281/680/645 1285/675/645 1283/677/645 1279/681/645
f 1286/674/646 1282/682/646 1280/683/646 1284/676/646
f 1325/674/647 1326/678/647 1328/684/647 1327/685/647
f 1306/686/643 1287/687/643 1318/688/643 1316/689/643 1314/690/643 1312/691/643 1310/692/643 1308/693/643
f 1289/694/648 1290/695/648 1292/696/648 1291/682/648
f 1320/697/641 1321/698/641 1323/699/641 1325/700/641 1327/701/641 1329/702/641 1331/703/641 1333/704/641
f 1313/675/649 1314/679/649 1316/705/649 1315/706/649
f 1291/682/650 1292/696/650 1294/707/650 1293/708/650
f 1329/675/649 1330/679/649 1332/705/649 1331/706/649
f 1311/685/651 1312/684/651 1314/679/651 1313/675/651
f 1293/708/652 1294/707/652 1296/678/652 1295/674/652
f 1322/686/643 1319/687/643 1334/688/643 1332/689/643 1330/690/643 1328/691/643 1326/692/643 1324/693/643
f 1309/674/647 1310/678/647 1312/684/647 1311/685/647
f 1295/674/647 1296/678/647 1298/684/647 1297/685/647
f 1288/697/641 1305/698/641 1307/699/641 1309/700/641 1311/701/641 1313/702/641 1315/703/641 1317/704/641
f 1307/708/652 1308/707/652 1310/678/652 1309/674/652
f 1297/685/651 1298/684/651 1300/679/651 1299/675/651
f 1317/680/653 1318/709/653 1287/710/653 1288/711/653
f 1305/682/650 1306/696/650 1308/707/650 1307/708/650
f 1299/675/649 1300/679/649 1302/705/649 1301/706/649
f 1292/686/643 1290/687/643 1304/688/643 1302/689/643 1300/690/643 1298/691/643 1296/692/643 1294/693/643
f 1288/694/648 1287/695/648 1306/696/648 1305/682/648
f 1301/706/654 1302/705/654 1304/709/654 1303/680/654
f 1327/685/651 1328/684/651 1330/679/651 1329/675/651
f 1315/706/654 1316/705/654 1318/709/654 1317/680/654
f 1303/680/653 1304/709/653 1290/710/653 1289/711/653
f 1289/697/641 1291/698/641 1293/699/641 1295/700/641 1297/701/641 1299/702/641 1301/703/641 1303/704/641
f 1323/708/652 1324/707/652 1326/678/652 1325/674/652
f 1333/680/653 1334/709/653 1319/710/653 1320/711/653
f 1321/682/650 1322/696/650 1324/707/650 1323/708/650
f 1320/694/648 1319/695/648 1322/696/648 1321/682/648
f 1331/706/654 1332/705/654 1334/709/654 1333/680/654
f 1335/670/641 1336/671/641 1338/672/641 1337/673/641
f 1337/673/642 1338/672/642 1342/674/642 1341/675/642
f 1341/675/643 1342/674/643 1340/676/643 1339/677/643
f 1339/677/644 1340/676/644 1336/678/644 1335/679/644
f 1337/680/645 1341/675/645 1339/677/645 1335/681/645
f 1342/674/646 1338/682/646 1336/683/646 1340/676/646
o Cube
v -19.799999 -4.600000 -33.748985
v -19.799999 -3.300000 -33.348984
v -19.799999 -5.000000 -35.148983
v -19.799999 -3.300000 -35.148983
v -13.799999 -4.600000 -33.748985
v -13.799999 -3.300000 -33.348984
v -13.799999 -5.000000 -35.148983
v -13.799999 -3.300000 -35.148983
v -19.799999 -4.900000 -34.448982
v -19.799999 -3.300000 -34.448982
v -13.799999 -4.900000 -34.448982
v -13.799999 -3.300000 -34.448982
v -19.799999 -3.900000 -33.448982
v -19.799999 -3.900000 -35.148983
v -13.799999 -3.900000 -35.148983
v -13.799999 -3.900000 -33.448982
v -13.799999 -3.900000 -34.448982
v -19.799999 -3.900000 -34.448982
v -19.799999 -3.480000 -33.378983
v -19.799999 -3.480000 -35.148983
v -13.799999 -3.480000 -35.148983
v -13.799999 -3.480000 -33.378983
v -13.799999 -3.480000 -34.448982
v -19.799999 -3.480000 -34.448982
v -19.799999 -3.300000 -35.348984
v -13.799999 -3.300000 -35.348984
v -19.799999 -3.480000 -35.348984
v -13.799999 -3.480000 -35.348984
v -19.799999 -2.600000 -31.748983
v -19.799999 -1.300000 -31.348984
v -19.799999 -3.000000 -33.148983
v -19.799999 -1.300000 -33.148983
v -13.799999 -2.600000 -31.748983
v -13.799999 -1.300000 -31.348984
v -13.799999 -3.000000 -33.148983
v -13.799999 -1.300000 -33.148983
v -19.799999 -2.900000 -32.448982
v -19.799999 -1.300000 -32.448982
v -13.799999 -2.900000 -32.448982
v -13.799999 -1.300000 -32.448982
v -19.799999 -1.900000 -31.448984
v -19.799999 -1.900000 -33.148983
v -13.799999 -1.900000 -33.148983
v -13.799999 -1.900000 -31.448984
v -13.799999 -1.900000 -32.448982
v -19.799999 -1.900000 -32.448982
v -19.799999 -1.480000 -31.378984
v -19.799999 -1.480000 -33.148983
v -13.799999 -1.480000 -33.148983
v -13.799999 -1.480000 -31.378984
v -13.799999 -1.480000 -32.448982
v -19.799999 -1.480000 -32.448982
v -19.799999 -1.300000 -33.348984
v -13.799999 -1.300000 -33.348984
v -19.799999 -1.480000 -33.348984
v -13.799999 -1.480000 -33.348984
v -19.799999 -0.600000 -29.748983
v -19.799999 0.700000 -29.348984
v -19.799999 -1.000000 -31.148983
v -19.799999 0.700000 -31.148983
v -13.799999 -0.600000 -29.748983
v -13.799999 0.700000 -29.348984
v -13.799999 -1.000000 -31.148983
v -13.799999 0.700000 -31.148983
v -19.799999 -0.900000 -30.448984
v -19.799999 0.700000 -30.448984
v -13.799999 -0.900000 -30.448984
v -13.799999 0.700000 -30.448984
v -19.799999 0.100000 -29.448984
v -19.799999 0.100000 -31.148983
v -13.799999 0.100000 -31.148983
v -13.799999 0.100000 -29.448984
v -13.799999 0.100000 -30.448984
v -19.799999 0.100000 -30.448984
v -19.799999 0.520000 -29.378983
v -19.799999 0.520000 -31.148983
v -13.799999 0.520000 -31.148983
v -13.799999 0.520000 -29.378983
v -13.799999 0.520000 -30.448984
v -19.799999 0.520000 -30.448984
v -19.799999 0.700000 -31.348984
v -13.799999 0.700000 -31.348984
v -19.799999 0.520000 -31.348984
v -13.799999 0.520000 -31.348984
v -19.799999 1.400000 -27.748983
v -19.799999 2.700000 -27.348984
v -19.799999 1.000000 -29.148983
v -19.799999 2.700000 -29.148983
v -13.799999 1.400000 -27.748983
v -13.799999 2.700000 -27.348984
v -13.799999 1.000000 -29.148983
v -13.799999 2.700000 -29.148983
v -19.799999 1.100000 -28.448984
v -19.799999 2.700000 -28.448984
v -13.799999 1.100000 -28.448984
v -13.799999 2.700000 -28.448984
v -19.799999 2.100000 -27.448984
v -19.799999 2.100000 -29.148983
v -13.799999 2.100000 -29.148983
v -13.799999 2.100000 -27.448984
v -13.799999 2.100000 -28.448984
v -19.799999 2.100000 -28.448984
v -19.799999 2.520000 -27.378983
v -19.799999 2.520000 -29.148983
v -13.799999 2.520000 -29.148983
v -13.799999 2.520000 -27.378983
v -13.799999 2.520000 -28.448984
v -19.799999 2.520000 -28.448984
v -19.799999 2.700000 -29.348984
v -13.799999 2.700000 -29.348984
v -19.799999 2.520000 -29.348984
v -13.799999 2.520000 -29.348984
v -19.799999 3.400000 -25.748983
v -19.799999 4.700000 -25.348984
v -19.799999 3.000000 -27.148983
v -19.799999 4.700000 -27.148983
v -13.799999 3.400000 -25.748983
v -13.799999 4.700000 -25.348984
v -13.799999 3.000000 -27.148983
v -13.799999 4.700000 -27.148983
v -19.799999 3.100000 -26.448984
v -19.799999 4.700000 -26.448984
v -13.799999 3.100000 -26.448984
v -13.799999 4.700000 -26.448984
v -19.799999 4.100000 -25.448984
v -19.799999 4.100000 -27.148983
v -13.799999 4.100000 -27.148983
v -13.799999 4.100000 -25.448984
v -13.799999 4.100000 -26.448984
v -19.799999 4.100000 -26.448984
v -19.799999 4.520000 -25.378983
v -19.799999 4.520000 -27.148983
v -13.799999 4.520000 -27.148983
v -13.799999 4.520000 -25.378983
v -13.799999 4.520000 -26.448984
v -19.799999 4.520000 -26.448984
v -19.799999 4.700000 -27.348984
v -13.799999 4.700000 -27.348984
v -19.799999 4.520000 -27.348984
v -13.799999 4.520000 -27.348984
v -19.799999 5.400000 -23.748983
v -19.799999 6.700000 -23.348984
v -19.799999 5.000000 -25.148983
v -19.799999 6.700000 -25.148983
v -13.799999 5.400000 -23.748983
v -13.799999 6.700000 -23.348984
v -13.799999 5.000000 -25.148983
v -13.799999 6.700000 -25.148983
v -19.799999 5.100000 -24.448984
v -19.799999 6.700000 -24.448984
v -13.799999 5.100000 -24.448984
v -13.799999 6.700000 -24.448984
v -19.799999 6.100000 -23.448984
v -19.799999 6.100000 -25.148983
v -13.799999 6.100000 -25.148983
v -13.799999 6.100000 -23.448984
v -13.799999 6.100000 -24.448984
v -19.799999 6.100000 -24.448984
v -19.799999 6.520000 -23.378983
v -19.799999 6.520000 -25.148983
v -13.799999 6.520000 -25.148983
v -13.799999 6.520000 -23.378983
v -13.799999 6.520000 -24.448984
v -19.799999 6.520000 -24.448984
v -19.799999 6.700000 -25.348984
v -13.799999 6.700000 -25.348984
v -19.799999 6.520000 -25.348984
v -13.799999 6.520000 -25.348984
v -19.799999 7.400000 -21.748983
v -19.799999 8.700000 -21.348984
v -19.799999 7.000000 -23.148983
v -19.799999 8.700000 -23.148983
v -13.799999 7.400000 -21.748983
v -13.799999 8.700000 -21.348984
v -13.799999 7.000000 -23.148983
v -13.799999 8.700000 -23.148983
v -19.799999 7.100000 -22.448984
v -19.799999 8.700000 -22.448984
v -13.799999 7.100000 -22.448984
v -13.799999 8.700000 -22.448984
v -19.799999 8.100000 -21.448984
v -19.799999 8.100000 -23.148983
v -13.799999 8.100000 -23.148983
v -13.799999 8.100000 -21.448984
v -13.799999 8.100000 -22.448984
v -19.799999 8.100000 -22.448984
v -19.799999 8.520000 -21.378983
v -19.799999 8.520000 -23.148983
v -13.799999 8.520000 -23.148983
v -13.799999 8.520000 -21.378983
v -13.799999 8.520000 -22.448984
v -19.799999 8.520000 -22.448984
v -19.799999 8.700000 -23.348984
v -13.799999 8.700000 -23.348984
v -19.799999 8.520000 -23.348984
v -13.799999 8.520000 -23.348984
v -19.799999 9.400000 -19.748983
v -19.799999 10.700000 -19.348984
v -19.799999 9.000000 -21.148983
v -19.799999 10.700000 -21.148983
v -13.799999 9.400000 -19.748983
v -13.799999 10.700000 -19.348984
v -13.799999 9.000000 -21.148983
v -13.799999 10.700000 -21.148983
v -19.799999 9.100000 -20.448984
v -19.799999 10.700000 -20.448984
v -13.799999 9.100000 -20.448984
v -13.799999 10.700000 -20.448984
v -19.799999 10.100000 -19.448984
v -19.799999 10.100000 -21.148983
v -13.799999 10.100000 -21.148983
v -13.799999 10.100000 -19.448984
v -13.799999 10.100000 -20.448984
v -19.799999 10.100000 -20.448984
v -19.799999 10.520000 -19.378983
v -19.799999 10.520000 -21.148983
v -13.799999 10.520000 -21.148983
v -13.799999 10.520000 -19.378983
v -13.799999 10.520000 -20.448984
v -19.799999 10.520000 -20.448984
v -19.799999 10.700000 -21.348984
v -13.799999 10.700000 -21.348984
v -19.799999 10.520000 -21.348984
v -13.799999 10.520000 -21.348984
v -19.799999 11.400000 -17.748983
v -19.799999 12.700001 -17.348984
v -19.799999 11.000000 -19.148983
v -19.799999 12.700001 -19.148983
v -13.799999 11.400000 -17.748983
v -13.799999 12.700001 -17.348984
v -13.799999 11.000000 -19.148983
v -13.799999 12.700001 -19.148983
v -19.799999 11.100000 -18.448984
v -19.799999 12.700001 -18.448984
v -13.799999 11.100000 -18.448984
v -13.799999 12.700001 -18.448984
v -19.799999 12.100000 -17.448984
v -19.799999 12.100000 -19.148983
v -13.799999 12.100000 -19.148983
v -13.799999 12.100000 -17.448984
v -13.799999 12.100000 -18.448984
v -19.799999 12.100000 -18.448984
v -19.799999 12.520000 -17.378983
v -19.799999 12.520000 -19.148983
v -13.799999 12.520000 -19.148983
v -13.799999 12.520000 -17.378983
v -13.799999 12.520000 -18.448984
v -19.799999 12.520000 -18.448984
v -19.799999 12.700001 -19.348984
v -13.799999 12.700001 -19.348984
v -19.799999 12.520000 -19.348984
v -13.799999 12.520000 -19.348984
v -19.799999 13.400000 -15.748983
v -19.799999 14.700001 -15.348984
v -19.799999 13.000000 -17.148983
v -19.799999 14.700001 -17.148983
v -13.799999 13.400000 -15.748983
v -13.799999 14.700001 -15.348984
v -13.799999 13.000000 -17.148983
v -13.799999 14.700001 -17.148983
v -19.799999 13.100000 -16.448984
v -19.799999 14.700001 -16.448984
v -13.799999 13.100000 -16.448984
v -13.799999 14.700001 -16.448984
v -19.799999 14.100000 -15.448984
v -19.799999 14.100000 -17.148983
v -13.799999 14.100000 -17.148983
v -13.799999 14.100000 -15.448984
v -13.799999 14.100000 -16.448984
v -19.799999 14.100000 -16.448984
v -19.799999 14.520000 -15.378983
v -19.799999 14.520000 -17.148983
v -13.799999 14.520000 -17.148983
v -13.799999 14.520000 -15.378983
v -13.799999 14.520000 -16.448984
v -19.799999 14.520000 -16.448984
v -19.799999 14.700001 -17.348984
v -13.799999 14.700001 -17.348984
v -19.799999 14.520000 -17.348984
v -13.799999 14.520000 -17.348984
v -14.099999 14.191429 -16.076864
v -14.099999 15.015694 -16.076864
v -14.099999 -4.232836 -34.501129
v -14.099999 -3.808571 -34.925392
v -13.499999 14.191429 -16.076864
v -13.499999 15.015694 -16.076864
v -13.499999 -4.232836 -34.501129
v -13.499999 -3.808571 -34.925392
v -14.099999 19.965698 -16.076864
v -14.099999 1.141433 -34.925392
v -13.499999 1.141433 -34.925392
v -13.499999 19.965698 -16.076864
vn -1.0000 -0.0000 -0.0000
vn -0.0000 -1.0000 -0.0000
vn 1.0000 -0.0000 -0.0000
vn -0.0000 -0.1644 0.9864
vn -0.0000 -0.9191 0.3939
vn -0.0000 1.0000 -0.0000
vn -0.0000 -0.9899 0.1414
vn -0.0000 -0.3939 0.9191
vn -0.0000 -0.0000 -1.0000
vn -0.0000 -0.7071 -0.7071
vn -0.0000 -0.0000 1.0000
vn -0.0000 -0.7071 0.7071
vn -0.0000 0.7076 -0.7067
vt 0.587500 0.125000
vt 0.625000 0.125000
vt 0.625000 0.250000
vt 0.587500 0.250000
vt 0.587500 0.500000
vt 0.587500 0.625000
vt 0.625000 0.625000
vt 0.625000 0.750000
vt 0.587500 0.750000
vt 0.625000 1.000000
vt 0.587500 1.000000
vt 0.125000 0.625000
vt 0.375000 0.625000
vt 0.375000 0.750000
vt 0.125000 0.750000
vt 0.875000 0.625000
vt 0.875000 0.750000
vt 0.625000 0.500000
vt 0.875000 0.500000
vt 0.125000 0.500000
vt 0.375000 0.500000
vt 0.587500 0.000000
vt 0.625000 0.000000
vt 0.375000 0.000000
vt 0.500000 0.000000
vt 0.500000 0.125000
vt 0.375000 0.125000
vt 0.500000 0.500000
vt 0.500000 0.625000
vt 0.500000 0.750000
vt 0.500000 1.000000
vt 0.375000 1.000000
vt 0.375000 0.250000
vt 0.500000 0.250000
s 0
usemtl Material.007
f 1366/712/655 1352/713/655 1346/714/655 1362/715/655
f 1363/716/656 1362/715/656 1369/715/656 1370/716/656
f 1365/717/657 1354/718/657 1348/719/657 1364/720/657
f 1364/720/658 1348/719/658 1344/721/658 1361/722/658
f 1351/723/659 1353/724/659 1347/725/659 1343/726/659
f 1354/718/660 1352/727/660 1344/728/660 1348/719/660
f 1350/729/660 1346/730/660 1352/727/660 1354/718/660
f 1345/731/661 1349/732/661 1353/724/661 1351/723/661
f 1363/716/657 1350/729/657 1354/718/657 1365/717/657
f 1361/733/655 1344/734/655 1352/713/655 1366/712/655
f 1343/735/655 1355/736/655 1360/737/655 1351/738/655
f 1349/732/657 1357/739/657 1359/740/657 1353/724/657
f 1347/725/662 1358/741/662 1355/742/662 1343/743/662
f 1353/724/657 1359/740/657 1358/741/657 1347/725/657
f 1345/744/663 1356/745/663 1357/739/663 1349/732/663
f 1351/738/655 1360/737/655 1356/745/655 1345/744/655
f 1355/736/655 1361/733/655 1366/712/655 1360/737/655
f 1357/739/657 1363/716/657 1365/717/657 1359/740/657
f 1358/741/658 1364/720/658 1361/722/658 1355/742/658
f 1359/740/657 1365/717/657 1364/720/657 1358/741/657
f 1356/745/663 1362/715/663 1363/716/663 1357/739/663
f 1360/737/655 1366/712/655 1362/715/655 1356/745/655
f 1369/715/663 1367/714/663 1368/729/663 1370/716/663
f 1346/730/660 1350/729/660 1368/729/660 1367/730/660
f 1350/729/657 1363/716/657 1370/716/657 1368/729/657
f 1362/715/655 1346/714/655 1367/714/655 1369/715/655
f 1394/712/655 1380/713/655 1374/714/655 1390/715/655
f 1391/716/656 1390/715/656 1397/715/656 1398/716/656
f 1393/717/657 1382/718/657 1376/719/657 1392/720/657
f 1392/720/658 1376/719/658 1372/721/658 1389/722/658
f 1379/723/659 1381/724/659 1375/725/659 1371/726/659
f 1382/718/660 1380/727/660 1372/728/660 1376/719/660
f 1378/729/660 1374/730/660 1380/727/660 1382/718/660
f 1373/731/661 1377/732/661 1381/724/661 1379/723/661
f 1391/716/657 1378/729/657 1382/718/657 1393/717/657
f 1389/733/655 1372/734/655 1380/713/655 1394/712/655
f 1371/735/655 1383/736/655 1388/737/655 1379/738/655
f 1377/732/657 1385/739/657 1387/740/657 1381/724/657
f 1375/725/662 1386/741/662 1383/742/662 1371/743/662
f 1381/724/657 1387/740/657 1386/741/657 1375/725/657
f 1373/744/663 1384/745/663 1385/739/663 1377/732/663
f 1379/738/655 1388/737/655 1384/745/655 1373/744/655
f 1383/736/655 1389/733/655 1394/712/655 1388/737/655
f 1385/739/657 1391/716/657 1393/717/657 1387/740/657
f 1386/741/658 1392/720/658 1389/722/658 1383/742/658
f 1387/740/657 1393/717/657 1392/720/657 1386/741/657
f 1384/745/663 1390/715/663 1391/716/663 1385/739/663
f 1388/737/655 1394/712/655 1390/715/655 1384/745/655
f 1397/715/663 1395/714/663 1396/729/663 1398/716/663
f 1374/730/660 1378/729/660 1396/729/660 1395/730/660
f 1378/729/657 1391/716/657 1398/716/657 1396/729/657
f 1390/715/655 1374/714/655 1395/714/655 1397/715/655
f 1422/712/655 1408/713/655 1402/714/655 1418/715/655
f 1419/716/656 1418/715/656 1425/715/656 1426/716/656
f 1421/717/657 1410/718/657 1404/719/657 1420/720/657
f 1420/720/658 1404/719/658 1400/721/658 1417/722/658
f 1407/723/659 1409/724/659 1403/725/659 1399/726/659
f 1410/718/660 1408/727/660 1400/728/660 1404/719/660
f 1406/729/660 1402/730/660 1408/727/660 1410/718/660
f 1401/731/661 1405/732/661 1409/724/661 1407/723/661
f 1419/716/657 1406/729/657 1410/718/657 1421/717/657
f 1417/733/655 1400/734/655 1408/713/655 1422/712/655
f 1399/735/655 1411/736/655 1416/737/655 1407/738/655
f 1405/732/657 1413/739/657 1415/740/657 1409/724/657
f 1403/725/662 1414/741/662 1411/742/662 1399/743/662
f 1409/724/657 1415/740/657 1414/741/657 1403/725/657
f 1401/744/663 1412/745/663 1413/739/663 1405/732/663
f 1407/738/655 1416/737/655 1412/745/655 1401/744/655
f 1411/736/655 1417/733/655 1422/712/655 1416/737/655
f 1413/739/657 1419/716/657 1421/717/657 1415/740/657
f 1414/741/658 1420/720/658 1417/722/658 1411/742/658
f 1415/740/657 1421/717/657 1420/720/657 1414/741/657
f 1412/745/663 1418/715/663 1419/716/663 1413/739/663
f 1416/737/655 1422/712/655 1418/715/655 1412/745/655
f 1425/715/663 1423/714/663 1424/729/663 1426/716/663
f 1402/730/660 1406/729/660 1424/729/660 1423/730/660
f 1406/729/657 1419/716/657 1426/716/657 1424/729/657
f 1418/715/655 1402/714/655 1423/714/655 1425/715/655
f 1450/712/655 1436/713/655 1430/714/655 1446/715/655
f 1447/716/656 1446/715/656 1453/715/656 1454/716/656
f 1449/717/657 1438/718/657 1432/719/657 1448/720/657
f 1448/720/658 1432/719/658 1428/721/658 1445/722/658
f 1435/723/659 1437/724/659 1431/725/659 1427/726/659
f 1438/718/660 1436/727/660 1428/728/660 1432/719/660
f 1434/729/660 1430/730/660 1436/727/660 1438/718/660
f 1429/731/661 1433/732/661 1437/724/661 1435/723/661
f 1447/716/657 1434/729/657 1438/718/657 1449/717/657
f 1445/733/655 1428/734/655 1436/713/655 1450/712/655
f 1427/735/655 1439/736/655 1444/737/655 1435/738/655
f 1433/732/657 1441/739/657 1443/740/657 1437/724/657
f 1431/725/662 1442/741/662 1439/742/662 1427/743/662
f 1437/724/657 1443/740/657 1442/741/657 1431/725/657
f 1429/744/663 1440/745/663 1441/739/663 1433/732/663
f 1435/738/655 1444/737/655 1440/745/655 1429/744/655
f 1439/736/655 1445/733/655 1450/712/655 1444/737/655
f 1441/739/657 1447/716/657 1449/717/657 1443/740/657
f 1442/741/658 1448/720/658 1445/722/658 1439/742/658
f 1443/740/657 1449/717/657 1448/720/657 1442/741/657
f 1440/745/663 1446/715/663 1447/716/663 1441/739/663
f 1444/737/655 1450/712/655 1446/715/655 1440/745/655
f 1453/715/663 1451/714/663 1452/729/663 1454/716/663
f 1430/730/660 1434/729/660 1452/729/660 1451/730/660
f 1434/729/657 1447/716/657 1454/716/657 1452/729/657
f 1446/715/655 1430/714/655 1451/714/655 1453/715/655
f 1478/712/655 1464/713/655 1458/714/655 1474/715/655
f 1475/716/656 1474/715/656 1481/715/656 1482/716/656
f 1477/717/657 1466/718/657 1460/719/657 1476/720/657
f 1476/720/658 1460/719/658 1456/721/658 1473/722/658
f 1463/723/659 1465/724/659 1459/725/659 1455/726/659
f 1466/718/660 1464/727/660 1456/728/660 1460/719/660
f 1462/729/660 1458/730/660 1464/727/660 1466/718/660
f 1457/731/661 1461/732/661 1465/724/661 1463/723/661
f 1475/716/657 1462/729/657 1466/718/657 1477/717/657
f 1473/733/655 1456/734/655 1464/713/655 1478/712/655
f 1455/735/655 1467/736/655 1472/737/655 1463/738/655
f 1461/732/657 1469/739/657 1471/740/657 1465/724/657
f 1459/725/662 1470/741/662 1467/742/662 1455/743/662
f 1465/724/657 1471/740/657 1470/741/657 1459/725/657
f 1457/744/663 1468/745/663 1469/739/663 1461/732/663
f 1463/738/655 1472/737/655 1468/745/655 1457/744/655
f 1467/736/655 1473/733/655 1478/712/655 1472/737/655
f 1469/739/657 1475/716/657 1477/717/657 1471/740/657
f 1470/741/658 1476/720/658 1473/722/658 1467/742/658
f 1471/740/657 1477/717/657 1476/720/657 1470/741/657
f 1468/745/663 1474/715/663 1475/716/663 1469/739/663
f 1472/737/655 1478/712/655 1474/715/655 1468/745/655
f 1481/715/663 1479/714/663 1480/729/663 1482/716/663
f 1458/730/660 1462/729/660 1480/729/660 1479/730/660
f 1462/729/657 1475/716/657 1482/716/657 1480/729/657
f 1474/715/655 1458/714/655 1479/714/655 1481/715/655
f 1506/712/655 1492/713/655 1486/714/655 1502/715/655
f 1503/716/656 1502/715/656 1509/715/656 1510/716/656
f 1505/717/657 1494/718/657 1488/719/657 1504/720/657
f 1504/720/658 1488/719/658 1484/721/658 1501/722/658
f 1491/723/659 1493/724/659 1487/725/659 1483/726/659
f 1494/718/660 1492/727/660 1484/728/660 1488/719/660
f 1490/729/660 1486/730/660 1492/727/660 1494/718/660
f 1485/731/661 1489/732/661 1493/724/661 1491/723/661
f 1503/716/657 1490/729/657 1494/718/657 1505/717/657
f 1501/733/655 1484/734/655 1492/713/655 1506/712/655
f 1483/735/655 1495/736/655 1500/737/655 1491/738/655
f 1489/732/657 1497/739/657 1499/740/657 1493/724/657
f 1487/725/662 1498/741/662 1495/742/662 1483/743/662
f 1493/724/657 1499/740/657 1498/741/657 1487/725/657
f 1485/744/663 1496/745/663 1497/739/663 1489/732/663
f 1491/738/655 1500/737/655 1496/745/655 1485/744/655
f 1495/736/655 1501/733/655 1506/712/655 1500/737/655
f 1497/739/657 1503/716/657 1505/717/657 1499/740/657
f 1498/741/658 1504/720/658 1501/722/658 1495/742/658
f 1499/740/657 1505/717/657 1504/720/657 1498/741/657
f 1496/745/663 1502/715/663 1503/716/663 1497/739/663
f 1500/737/655 1506/712/655 1502/715/655 1496/745/655
f 1509/715/663 1507/714/663 1508/729/663 1510/716/663
f 1486/730/660 1490/729/660 1508/729/660 1507/730/660
f 1490/729/657 1503/716/657 1510/716/657 1508/729/657
f 1502/715/655 1486/714/655 1507/714/655 1509/715/655
f 1534/712/655 1520/713/655 1514/714/655 1530/715/655
f 1531/716/656 1530/715/656 1537/715/656 1538/716/656
f 1533/717/657 1522/718/657 1516/719/657 1532/720/657
f 1532/720/658 1516/719/658 1512/721/658 1529/722/658
f 1519/723/659 1521/724/659 1515/725/659 1511/726/659
f 1522/718/660 1520/727/660 1512/728/660 1516/719/660
f 1518/729/660 1514/730/660 1520/727/660 1522/718/660
f 1513/731/661 1517/732/661 1521/724/661 1519/723/661
f 1531/716/657 1518/729/657 1522/718/657 1533/717/657
f 1529/733/655 1512/734/655 1520/713/655 1534/712/655
f 1511/735/655 1523/736/655 1528/737/655 1519/738/655
f 1517/732/657 1525/739/657 1527/740/657 1521/724/657
f 1515/725/662 1526/741/662 1523/742/662 1511/743/662
f 1521/724/657 1527/740/657 1526/741/657 1515/725/657
f 1513/744/663 1524/745/663 1525/739/663 1517/732/663
f 1519/738/655 1528/737/655 1524/745/655 1513/744/655
f 1523/736/655 1529/733/655 1534/712/655 1528/737/655
f 1525/739/657 1531/716/657 1533/717/657 1527/740/657
f 1526/741/658 1532/720/658 1529/722/658 1523/742/658
f 1527/740/657 1533/717/657 1532/720/657 1526/741/657
f 1524/745/663 1530/715/663 1531/716/663 1525/739/663
f 1528/737/655 1534/712/655 1530/715/655 1524/745/655
f 1537/715/663 1535/714/663 1536/729/663 1538/716/663
f 1514/730/660 1518/729/660 1536/729/660 1535/730/660
f 1518/729/657 1531/716/657 1538/716/657 1536/729/657
f 1530/715/655 1514/714/655 1535/714/655 1537/715/655
f 1562/712/655 1548/713/655 1542/714/655 1558/715/655
f 1559/716/656 1558/715/656 1565/715/656 1566/716/656
f 1561/717/657 1550/718/657 1544/719/657 1560/720/657
f 1560/720/658 1544/719/658 1540/721/658 1557/722/658
f 1547/723/659 1549/724/659 1543/725/659 1539/726/659
f 1550/718/660 1548/727/660 1540/728/660 1544/719/660
f 1546/729/660 1542/730/660 1548/727/660 1550/718/660
f 1541/731/661 1545/732/661 1549/724/661 1547/723/661
f 1559/716/657 1546/729/657 1550/718/657 1561/717/657
f 1557/733/655 1540/734/655 1548/713/655 1562/712/655
f 1539/735/655 1551/736/655 1556/737/655 1547/738/655
f 1545/732/657 1553/739/657 1555/740/657 1549/724/657
f 1543/725/662 1554/741/662 1551/742/662 1539/743/662
f 1549/724/657 1555/740/657 1554/741/657 1543/725/657
f 1541/744/663 1552/745/663 1553/739/663 1545/732/663
f 1547/738/655 1556/737/655 1552/745/655 1541/744/655
f 1551/736/655 1557/733/655 1562/712/655 1556/737/655
f 1553/739/657 1559/716/657 1561/717/657 1555/740/657
f 1554/741/658 1560/720/658 1557/722/658 1551/742/658
f 1555/740/657 1561/717/657 1560/720/657 1554/741/657
f 1552/745/663 1558/715/663 1559/716/663 1553/739/663
f 1556/737/655 1562/712/655 1558/715/655 1552/745/655
f 1565/715/663 1563/714/663 1564/729/663 1566/716/663
f 1542/730/660 1546/729/660 1564/729/660 1563/730/660
f 1546/729/657 1559/716/657 1566/716/657 1564/729/657
f 1558/715/655 1542/714/655 1563/714/655 1565/715/655
f 1590/712/655 1576/713/655 1570/714/655 1586/715/655
f 1587/716/656 1586/715/656 1593/715/656 1594/716/656
f 1589/717/657 1578/718/657 1572/719/657 1588/720/657
f 1588/720/658 1572/719/658 1568/721/658 1585/722/658
f 1575/723/659 1577/724/659 1571/725/659 1567/726/659
f 1578/718/660 1576/727/660 1568/728/660 1572/719/660
f 1574/729/660 1570/730/660 1576/727/660 1578/718/660
f 1569/731/661 1573/732/661 1577/724/661 1575/723/661
f 1587/716/657 1574/729/657 1578/718/657 1589/717/657
f 1585/733/655 1568/734/655 1576/713/655 1590/712/655
f 1567/735/655 1579/736/655 1584/737/655 1575/738/655
f 1573/732/657 1581/739/657 1583/740/657 1577/724/657
f 1571/725/662 1582/741/662 1579/742/662 1567/743/662
f 1577/724/657 1583/740/657 1582/741/657 1571/725/657
f 1569/744/663 1580/745/663 1581/739/663 1573/732/663
f 1575/738/655 1584/737/655 1580/745/655 1569/744/655
f 1579/736/655 1585/733/655 1590/712/655 1584/737/655
f 1581/739/657 1587/716/657 1589/717/657 1583/740/657
f 1582/741/658 1588/720/658 1585/722/658 1579/742/658
f 1583/740/657 1589/717/657 1588/720/657 1582/741/657
f 1580/745/663 1586/715/663 1587/716/663 1581/739/663
f 1584/737/655 1590/712/655 1586/715/655 1580/745/655
f 1593/715/663 1591/714/663 1592/729/663 1594/716/663
f 1570/730/660 1574/729/660 1592/729/660 1591/730/660
f 1574/729/657 1587/716/657 1594/716/657 1592/729/657
f 1586/715/655 1570/714/655 1591/714/655 1593/715/655
f 1618/712/655 1604/713/655 1598/714/655 1614/715/655
f 1615/716/656 1614/715/656 1621/715/656 1622/716/656
f 1617/717/657 1606/718/657 1600/719/657 1616/720/657
f 1616/720/658 1600/719/658 1596/721/658 1613/722/658
f 1603/723/659 1605/724/659 1599/725/659 1595/726/659
f 1606/718/660 1604/727/660 1596/728/660 1600/719/660
f 1602/729/660 1598/730/660 1604/727/660 1606/718/660
f 1597/731/661 1601/732/661 1605/724/661 1603/723/661
f 1615/716/657 1602/729/657 1606/718/657 1617/717/657
f 1613/733/655 1596/734/655 1604/713/655 1618/712/655
f 1595/735/655 1607/736/655 1612/737/655 1603/738/655
f 1601/732/657 1609/739/657 1611/740/657 1605/724/657
f 1599/725/662 1610/741/662 1607/742/662 1595/743/662
f 1605/724/657 1611/740/657 1610/741/657 1599/725/657
f 1597/744/663 1608/745/663 1609/739/663 1601/732/663
f 1603/738/655 1612/737/655 1608/745/655 1597/744/655
f 1607/736/655 1613/733/655 1618/712/655 1612/737/655
f 1609/739/657 1615/716/657 1617/717/657 1611/740/657
f 1610/741/658 1616/720/658 1613/722/658 1607/742/658
f 1611/740/657 1617/717/657 1616/720/657 1610/741/657
f 1608/745/663 1614/715/663 1615/716/663 1609/739/663
f 1612/737/655 1618/712/655 1614/715/655 1608/745/655
f 1621/715/663 1619/714/663 1620/729/663 1622/716/663
f 1598/730/660 1602/729/660 1620/729/660 1619/730/660
f 1602/729/657 1615/716/657 1622/716/657 1620/729/657
f 1614/715/655 1598/714/655 1619/714/655 1621/715/655
f 1623/735/655 1624/734/655 1626/714/655 1625/744/655
f 1625/744/664 1626/714/664 1630/729/664 1629/732/664
f 1629/732/657 1630/729/657 1628/719/657 1627/725/657
f 1627/725/665 1628/719/665 1624/721/665 1623/743/665
f 1625/731/666 1629/732/666 1627/725/666 1623/726/666
f 1626/714/655 1624/734/655 1631/734/655 1632/714/655
f 1633/729/667 1632/730/667 1631/728/667 1634/719/667
f 1624/721/665 1628/719/665 1634/719/665 1631/721/665
f 1630/729/663 1626/714/663 1632/714/663 1633/729/663
f 1628/719/657 1630/729/657 1633/729/657 1634/719/657
o Cube.001
v -19.799999 14.669859 -16.200005
v -13.799999 14.669859 -16.200005
v -19.799999 14.669859 -13.800005
v -19.799999 14.869859 -11.400003
v -19.799999 14.869859 -16.200005
v -14.999999 14.669859 -16.200005
v -16.199999 14.669859 -16.200005
v -18.599998 14.669859 -16.200005
v -18.599998 14.869859 -16.200005
v -17.400000 14.869859 -16.200005
v -13.799999 14.869859 -16.200005
v -13.799999 14.669859 -11.400003
v -13.799999 14.669859 -12.600004
v -13.799999 14.669859 -15.000004
v -17.400000 14.669859 -10.200005
v -15.599998 14.869859 -15.248533
v -14.751471 14.869859 -14.400003
v -15.599999 14.869859 -12.848532
v -14.751472 14.869859 -12.000004
v -16.448526 14.869859 -14.400003
v -15.599998 14.869859 -13.551476
v -16.448528 14.869859 -12.000004
v -15.599999 14.869859 -11.151476
v -18.000000 14.869859 -15.248533
v -17.151470 14.869859 -14.400005
v -18.000000 14.869859 -12.848534
v -17.151472 14.869859 -12.000006
v -18.848526 14.869859 -14.400005
v -18.000000 14.869859 -13.551477
v -18.848530 14.869859 -12.000006
v -18.000000 14.869859 -11.151478
v -18.848526 14.669859 -14.400005
v -18.848530 14.669859 -12.000006
v -18.000000 14.669859 -11.151478
v -17.151470 14.669859 -14.400005
v -18.000000 14.669859 -12.848534
v -17.151472 14.669859 -12.000006
v -16.448526 14.669859 -14.400003
v -15.599998 14.669859 -13.551476
v -16.448528 14.669859 -12.000004
v -15.599999 14.669859 -11.151476
v -15.599998 14.669859 -15.248533
v -14.751471 14.669859 -14.400003
v -15.599999 14.669859 -12.848532
v -14.751472 14.669859 -12.000004
v -14.999999 14.869859 -10.200005
v -18.599998 14.869859 -10.200005
v -16.199999 14.869859 -10.200005
v -17.400000 14.869859 -10.200005
v -13.799999 14.669859 -13.800005
v -13.799999 14.869859 -15.000004
v -13.799999 14.869859 -13.800005
v -13.799999 14.869859 -12.600004
v -13.799999 14.869859 -11.400003
v -17.400000 14.669859 -16.200005
v -16.199999 14.869859 -16.200005
v -14.999999 14.869859 -16.200005
v -19.799999 14.669859 -12.600004
v -19.799999 14.669859 -11.400003
v -19.799999 14.669859 -15.000004
v -19.799999 14.869859 -12.600004
v -19.799999 14.869859 -13.800005
v -19.799999 14.869859 -15.000004
v -18.000000 14.669859 -15.248533
v -18.000000 14.669859 -13.551477
v -19.799999 14.669859 -10.200005
v -13.799999 14.669859 -4.200005
v -13.799999 14.669859 -10.200005
v -19.799999 14.669859 -7.800005
v -19.799999 14.869859 -5.400004
v -19.799999 14.869859 -10.200005
v -14.999999 14.669859 -10.200005
v -16.199999 14.669859 -10.200005
v -18.599998 14.669859 -10.200005
v -13.799999 14.869859 -10.200005
v -13.799999 14.669859 -5.400004
v -13.799999 14.669859 -6.600004
v -13.799999 14.669859 -9.000006
v -17.400000 14.669859 -4.200005
v -15.599998 14.869859 -9.248533
v -14.751471 14.869859 -8.400003
v -15.599999 14.869859 -6.848532
v -14.751472 14.869859 -6.000004
v -16.448526 14.869859 -8.400003
v -15.599998 14.869859 -7.551477
v -16.448528 14.869859 -6.000004
v -15.599999 14.869859 -5.151475
v -18.000000 14.869859 -9.248533
v -17.151470 14.869859 -8.400005
v -18.000000 14.869859 -6.848536
v -17.151472 14.869859 -6.000007
v -18.848526 14.869859 -8.400005
v -18.000000 14.869859 -7.551477
v -18.848530 14.869859 -6.000007
v -18.000000 14.869859 -5.151479
v -18.848526 14.669859 -8.400005
v -18.848530 14.669859 -6.000007
v -18.000000 14.669859 -5.151479
v -17.151470 14.669859 -8.400005
v -18.000000 14.669859 -6.848536
v -17.151472 14.669859 -6.000007
v -16.448526 14.669859 -8.400003
v -15.599998 14.669859 -7.551477
v -16.448528 14.669859 -6.000004
v -15.599999 14.669859 -5.151476
v -15.599998 14.669859 -9.248533
v -14.751471 14.669859 -8.400003
v -15.599999 14.669859 -6.848532
v -14.751472 14.669859 -6.000004
v -14.999999 14.869859 -4.200005
v -18.599998 14.869859 -4.200005
v -16.199999 14.869859 -4.200005
v -17.400000 14.869859 -4.200005
v -13.799999 14.669859 -7.800005
v -13.799999 14.869859 -9.000006
v -13.799999 14.869859 -7.800005
v -13.799999 14.869859 -6.600004
v -13.799999 14.869859 -5.400004
v -19.799999 14.669859 -6.600004
v -19.799999 14.669859 -5.400004
v -19.799999 14.669859 -9.000006
v -19.799999 14.869859 -6.600004
v -19.799999 14.869859 -7.800005
v -19.799999 14.869859 -9.000006
v -18.000000 14.669859 -9.248533
v -18.000000 14.669859 -7.551477
v -19.799999 14.669859 -4.200005
v -13.799999 14.669859 1.799995
v -19.799999 14.669859 -1.800004
v -19.799999 14.669859 1.799995
v -19.799999 14.869859 0.599995
v -19.799999 14.869859 -4.200005
v -14.999999 14.669859 -4.200005
v -16.199999 14.669859 -4.200005
v -18.599998 14.669859 -4.200005
v -13.799999 14.869859 -4.200005
v -13.799999 14.669859 0.599995
v -13.799999 14.669859 -0.600005
v -13.799999 14.669859 -3.000005
v -17.400000 14.669859 1.799995
v -15.599998 14.869859 -3.248532
v -14.751471 14.869859 -2.400004
v -15.599999 14.869859 -0.848533
v -14.751472 14.869859 -0.000004
v -16.448526 14.869859 -2.400004
v -15.599998 14.869859 -1.551476
v -16.448528 14.869859 -0.000004
v -15.599999 14.869859 0.848526
v -18.000000 14.869859 -3.248533
v -17.151470 14.869859 -2.400005
v -18.000000 14.869859 -0.848535
v -17.151472 14.869859 -0.000008
v -18.848526 14.869859 -2.400005
v -18.000000 14.869859 -1.551476
v -18.848530 14.869859 -0.000008
v -18.000000 14.869859 0.848522
v -18.848526 14.669859 -2.400005
v -18.848530 14.669859 -0.000008
v -18.000000 14.669859 0.848522
v -17.151470 14.669859 -2.400005
v -18.000000 14.669859 -0.848535
v -17.151472 14.669859 -0.000008
v -16.448526 14.669859 -2.400004
v -15.599998 14.669859 -1.551476
v -16.448528 14.669859 -0.000004
v -15.599999 14.669859 0.848526
v -15.599998 14.669859 -3.248532
v -14.751471 14.669859 -2.400004
v -15.599999 14.669859 -0.848531
v -14.751472 14.669859 -0.000004
v -18.599998 14.869859 1.799995
v -17.400000 14.869859 1.799995
v -13.799999 14.669859 -1.800004
v -13.799999 14.869859 -3.000005
v -13.799999 14.869859 -1.800004
v -13.799999 14.869859 -0.600005
v -13.799999 14.869859 0.599995
v -19.799999 14.669859 -0.600005
v -19.799999 14.669859 0.599995
v -19.799999 14.669859 -3.000005
v -19.799999 14.869859 -0.600005
v -19.799999 14.869859 -1.800004
v -19.799999 14.869859 -3.000005
v -18.000000 14.669859 -3.248533
v -18.000000 14.669859 -1.551476
v -19.799999 14.669859 4.199997
v -19.799999 14.869859 6.599995
v -19.799999 14.869859 1.799995
v -14.999999 14.669859 1.799995
v -16.199999 14.669859 1.799995
v -18.599998 14.669859 1.799995
v -13.799999 14.869859 1.799995
v -13.799999 14.669859 6.599995
v -13.799999 14.669859 5.399998
v -13.799999 14.669859 2.999996
v -15.599998 14.869859 2.751469
v -14.751471 14.869859 3.599995
v -15.599999 14.869859 5.151470
v -14.751472 14.869859 5.999996
v -16.448526 14.869859 3.599995
v -15.599998 14.869859 4.448524
v -16.448528 14.869859 5.999996
v -15.599999 14.869859 6.848526
v -18.000000 14.869859 2.751469
v -17.151470 14.869859 3.599995
v -18.000000 14.869859 5.151466
v -17.151472 14.869859 5.999992
v -18.848526 14.869859 3.599995
v -18.000000 14.869859 4.448524
v -18.848530 14.869859 5.999992
v -18.000000 14.869859 6.848522
v -18.848526 14.669859 3.599995
v -18.848530 14.669859 5.999992
v -18.000000 14.669859 6.848522
v -17.151470 14.669859 3.599995
v -18.000000 14.669859 5.151466
v -17.151472 14.669859 5.999992
v -16.448526 14.669859 3.599995
v -15.599998 14.669859 4.448524
v -16.448528 14.669859 5.999996
v -15.599999 14.669859 6.848526
v -15.599998 14.669859 2.751469
v -14.751471 14.669859 3.599995
v -15.599999 14.669859 5.151470
v -14.751472 14.669859 5.999996
v -14.999999 14.869859 7.799995
v -18.599998 14.869859 7.799995
v -17.400000 14.869859 7.799995
v -13.799999 14.669859 4.199997
v -13.799999 14.869859 2.999996
v -13.799999 14.869859 4.199997
v -13.799999 14.869859 5.399998
v -13.799999 14.869859 6.599995
v -16.199999 14.869859 1.799995
v -14.999999 14.869859 1.799995
v -19.799999 14.669859 5.399998
v -19.799999 14.669859 6.599995
v -19.799999 14.669859 2.999996
v -19.799999 14.869859 5.399998
v -19.799999 14.869859 4.199997
v -19.799999 14.869859 2.999996
v -18.000000 14.669859 2.751469
v -18.000000 14.669859 4.448524
v -19.799999 14.669859 7.799995
v -13.799999 14.669859 7.799995
v -19.799999 14.669859 10.199995
v -19.799999 14.869859 12.599995
v -19.799999 14.869859 7.799995
v -14.999999 14.669859 7.799995
v -16.199999 14.669859 7.799995
v -18.599998 14.669859 7.799995
v -13.799999 14.869859 7.799995
v -13.799999 14.669859 12.599995
v -13.799999 14.669859 11.399996
v -13.799999 14.669859 8.999994
v -17.400000 14.669859 13.799997
v -15.599998 14.869859 8.751467
v -14.751471 14.869859 9.599997
v -15.599999 14.869859 11.151468
v -14.751472 14.869859 11.999996
v -16.448526 14.869859 9.599997
v -15.599998 14.869859 10.448523
v -16.448528 14.869859 11.999996
v -15.599999 14.869859 12.848526
v -18.000000 14.869859 8.751467
v -17.151470 14.869859 9.599995
v -18.000000 14.869859 11.151464
v -17.151472 14.869859 11.999992
v -18.848526 14.869859 9.599995
v -18.000000 14.869859 10.448523
v -18.848530 14.869859 11.999992
v -18.000000 14.869859 12.848522
v -18.848526 14.669859 9.599995
v -18.848530 14.669859 11.999992
v -18.000000 14.669859 12.848522
v -17.151470 14.669859 9.599995
v -18.000000 14.669859 11.151464
v -17.151472 14.669859 11.999992
v -16.448526 14.669859 9.599997
v -15.599998 14.669859 10.448523
v -16.448528 14.669859 11.999996
v -15.599999 14.669859 12.848526
v -15.599998 14.669859 8.751467
v -14.751471 14.669859 9.599997
v -15.599999 14.669859 11.151468
v -14.751472 14.669859 11.999996
v -14.999999 14.869859 13.799997
v -18.599998 14.869859 13.799997
v -17.400000 14.869859 13.799997
v -13.799999 14.669859 10.199995
v -13.799999 14.869859 8.999994
v -13.799999 14.869859 10.199995
v -13.799999 14.869859 11.399996
v -13.799999 14.869859 12.599995
v -17.400000 14.669859 7.799995
v -16.199999 14.869859 7.799995
v -19.799999 14.669859 11.399996
v -19.799999 14.669859 12.599995
v -19.799999 14.669859 8.999994
v -19.799999 14.869859 11.399996
v -19.799999 14.869859 10.199995
v -19.799999 14.869859 8.999994
v -18.000000 14.669859 8.751467
v -18.000000 14.669859 10.448523
v -19.799999 14.669859 13.799997
v -13.799999 14.869859 19.799995
v -13.799999 14.669859 13.799997
v -19.799999 14.669859 16.199997
v -19.799999 14.669859 19.799995
v -19.799999 14.869859 19.799995
v -19.799999 14.869859 18.599991
v -19.799999 14.869859 13.799997
v -14.999999 14.669859 13.799997
v -16.199999 14.669859 13.799997
v -18.599998 14.669859 13.799997
v -13.799999 14.869859 13.799997
v -13.799999 14.669859 18.599991
v -13.799999 14.669859 17.399994
v -18.599998 14.669859 19.799995
v -17.400000 14.669859 19.799995
v -15.599998 14.869859 14.751467
v -14.751471 14.869859 15.599993
v -15.599999 14.869859 17.151466
v -14.751472 14.869859 17.999992
v -16.448526 14.869859 15.599993
v -15.599998 14.869859 16.448524
v -16.448528 14.869859 17.999992
v -15.599999 14.869859 18.848526
v -18.000000 14.869859 14.751467
v -17.151470 14.869859 15.599993
v -18.000000 14.869859 17.151466
v -17.151472 14.869859 17.999992
v -18.848526 14.869859 15.599993
v -18.000000 14.869859 16.448524
v -18.848530 14.869859 17.999992
v -18.000000 14.869859 18.848518
v -18.848526 14.669859 15.599993
v -18.848530 14.669859 17.999992
v -18.000000 14.669859 18.848518
v -17.151470 14.669859 15.599993
v -18.000000 14.669859 17.151466
v -17.151472 14.669859 17.999992
v -16.448526 14.669859 15.599993
v -15.599998 14.669859 16.448524
v -16.448528 14.669859 17.999992
v -15.599999 14.669859 18.848526
v -15.599998 14.669859 14.751467
v -14.751471 14.669859 15.599993
v -15.599999 14.669859 17.151466
v -14.751472 14.669859 17.999992
v -14.999999 14.669859 19.799995
v -16.199999 14.669859 19.799995
v -14.999999 14.869859 19.799995
v -18.599998 14.869859 19.799995
v -16.199999 14.869859 19.799995
v -17.400000 14.869859 19.799995
v -13.799999 14.869859 14.999994
v -13.799999 14.869859 16.199997
v -13.799999 14.869859 17.399994
v -16.199999 14.869859 13.799997
v -19.799999 14.669859 17.399994
v -19.799999 14.669859 18.599991
v -19.799999 14.669859 14.999994
v -19.799999 14.869859 17.399994
v -19.799999 14.869859 16.199997
v -19.799999 14.869859 14.999994
v -18.000000 14.669859 14.751467
v -18.000000 14.669859 16.448524
v -1.799998 14.669859 13.799995
v -1.799998 14.669859 19.799999
v -4.199999 14.669859 13.799995
v -6.599998 14.869859 13.799995
v -1.799998 14.869859 13.799995
v -1.799998 14.669859 18.599998
v -1.799998 14.669859 17.399998
v -1.799998 14.669859 14.999996
v -1.799998 14.869859 19.799999
v -6.599998 14.669859 19.799995
v -5.400000 14.669859 19.799995
v -2.999998 14.669859 19.799999
v -7.800001 14.669859 14.999996
v -7.800001 14.669859 16.199997
v -2.751471 14.869859 17.999996
v -3.600000 14.869859 18.848526
v -5.151472 14.869859 17.999996
v -6.000000 14.869859 18.848526
v -3.600000 14.869859 17.151470
v -4.448526 14.869859 17.999996
v -6.000000 14.869859 17.151466
v -6.848530 14.869859 17.999996
v -2.751471 14.869859 15.599997
v -3.599998 14.869859 16.448524
v -5.151468 14.869859 15.599995
v -5.999996 14.869859 16.448524
v -3.599998 14.869859 14.751469
v -4.448526 14.869859 15.599997
v -5.999996 14.869859 14.751467
v -6.848526 14.869859 15.599995
v -3.599998 14.669859 14.751469
v -5.999996 14.669859 14.751467
v -6.848526 14.669859 15.599995
v -3.599998 14.669859 16.448524
v -5.151468 14.669859 15.599995
v -5.999996 14.669859 16.448524
v -3.600000 14.669859 17.151470
v -4.448526 14.669859 17.999996
v -6.000000 14.669859 17.151466
v -6.848530 14.669859 17.999996
v -2.751471 14.669859 17.999996
v -3.600000 14.669859 18.848526
v -5.151472 14.669859 17.999996
v -6.000000 14.669859 18.848526
v -7.800001 14.869859 18.599995
v -7.800001 14.869859 14.999996
v -7.800001 14.869859 16.199997
v -4.199999 14.669859 19.799999
v -2.999998 14.869859 19.799999
v -4.199999 14.869859 19.799999
v -5.400000 14.869859 19.799995
v -6.599998 14.869859 19.799995
v -1.799998 14.869859 18.599998
v -5.400000 14.669859 13.799995
v -6.599998 14.669859 13.799995
v -2.999998 14.669859 13.799995
v -5.400000 14.869859 13.799995
v -4.199999 14.869859 13.799995
v -2.999998 14.869859 13.799995
v -2.751471 14.669859 15.599997
v -4.448526 14.669859 15.599997
v -7.800001 14.669859 13.799995
v -13.799999 14.669859 19.799995
v -7.800001 14.669859 19.799995
v -10.200001 14.669859 13.799995
v -12.599995 14.869859 13.799995
v -7.800001 14.869859 13.799995
v -7.800001 14.669859 18.599995
v -7.800001 14.669859 17.399998
v -7.800001 14.869859 19.799995
v -12.599995 14.669859 19.799995
v -11.399998 14.669859 19.799995
v -8.999998 14.669859 19.799995
v -13.799999 14.669859 14.999994
v -13.799999 14.669859 16.199997
v -8.751471 14.869859 17.999996
v -9.599997 14.869859 18.848526
v -11.151470 14.869859 17.999996
v -11.999996 14.869859 18.848526
v -9.599997 14.869859 17.151470
v -10.448528 14.869859 17.999996
v -11.999996 14.869859 17.151466
v -12.848530 14.869859 17.999996
v -8.751471 14.869859 15.599997
v -9.599997 14.869859 16.448524
v -11.151470 14.869859 15.599995
v -11.999996 14.869859 16.448524
v -9.599997 14.869859 14.751467
v -10.448528 14.869859 15.599997
v -11.999996 14.869859 14.751467
v -12.848522 14.869859 15.599993
v -9.599997 14.669859 14.751467
v -11.999996 14.669859 14.751465
v -12.848522 14.669859 15.599993
v -9.599997 14.669859 16.448524
v -11.151470 14.669859 15.599995
v -11.999996 14.669859 16.448524
v -9.599997 14.669859 17.151470
v -10.448528 14.669859 17.999996
v -11.999996 14.669859 17.151466
v -12.848530 14.669859 17.999996
v -8.751471 14.669859 17.999996
v -9.599997 14.669859 18.848526
v -11.151470 14.669859 17.999996
v -11.999996 14.669859 18.848526
v -13.799999 14.869859 18.599995
v -10.200001 14.669859 19.799995
v -8.999998 14.869859 19.799995
v -10.200001 14.869859 19.799995
v -11.399998 14.869859 19.799995
v -12.599995 14.869859 19.799995
v -7.800001 14.869859 17.399998
v -11.399998 14.669859 13.799995
v -12.599995 14.669859 13.799995
v -8.999998 14.669859 13.799995
v -11.399998 14.869859 13.799995
v -10.200001 14.869859 13.799995
v -8.999998 14.869859 13.799995
v -8.751471 14.669859 15.599997
v -10.448528 14.669859 15.599997
v 10.200003 14.669859 13.799997
v 4.199999 14.669859 19.799999
v 7.800001 14.669859 13.799997
v 4.199999 14.669859 13.799997
v 5.400003 14.869859 13.799997
v 10.200003 14.869859 13.799997
v 10.200003 14.669859 18.600002
v 10.200003 14.669859 17.400002
v 10.200003 14.669859 14.999998
v 10.200003 14.869859 14.999998
v 10.200003 14.869859 19.800003
v 5.400003 14.669859 19.799999
v 6.600000 14.669859 19.799999
v 9.000002 14.669859 19.800003
v 4.199999 14.669859 16.200001
v 9.248529 14.869859 18.000000
v 8.400000 14.869859 18.848530
v 6.848528 14.869859 18.000000
v 6.000002 14.869859 18.848530
v 8.400000 14.869859 17.151474
v 7.551474 14.869859 18.000000
v 6.000002 14.869859 17.151470
v 5.151472 14.869859 18.000000
v 9.248529 14.869859 15.599998
v 8.400003 14.869859 16.448528
v 6.848532 14.869859 15.599997
v 6.000006 14.869859 16.448528
v 8.400003 14.869859 14.751471
v 7.551474 14.869859 15.599998
v 6.000006 14.869859 14.751469
v 5.151476 14.869859 15.599997
v 8.400003 14.669859 14.751471
v 6.000006 14.669859 14.751469
v 5.151476 14.669859 15.599997
v 8.400003 14.669859 16.448528
v 6.848532 14.669859 15.599997
v 6.000006 14.669859 16.448528
v 8.400000 14.669859 17.151474
v 7.551474 14.669859 18.000000
v 6.000002 14.669859 17.151470
v 5.151472 14.669859 18.000000
v 9.248529 14.669859 18.000000
v 8.400000 14.669859 18.848530
v 6.848528 14.669859 18.000000
v 6.000002 14.669859 18.848530
v 4.199999 14.869859 18.599998
v 4.199999 14.869859 17.400002
v 4.199999 14.869859 16.200001
v 7.800001 14.669859 19.800003
v 9.000002 14.869859 19.800003
v 7.800001 14.869859 19.800003
v 6.600000 14.869859 19.799999
v 5.400003 14.869859 19.799999
v 6.600000 14.669859 13.799997
v 5.400003 14.669859 13.799997
v 9.000002 14.669859 13.799997
v 6.600000 14.869859 13.799997
v 7.800001 14.869859 13.799997
v 9.000002 14.869859 13.799997
v 9.248529 14.669859 15.599998
v 7.551474 14.669859 15.599998
v 1.800001 14.669859 13.799997
v -0.599993 14.869859 13.799997
v 4.199999 14.869859 13.799997
v 4.199999 14.669859 18.599998
v 4.199999 14.669859 17.400002
v 4.199999 14.669859 14.999998
v 4.199999 14.869859 14.999998
v 4.199999 14.869859 19.799999
v -0.599993 14.669859 19.799999
v 0.600004 14.669859 19.799999
v 3.000002 14.669859 19.799999
v -1.799998 14.669859 16.200001
v 3.248529 14.869859 18.000000
v 2.400003 14.869859 18.848530
v 0.848532 14.869859 18.000000
v 0.000006 14.869859 18.848530
v 2.400003 14.869859 17.151474
v 1.551474 14.869859 18.000000
v 0.000006 14.869859 17.151470
v -0.848528 14.869859 18.000000
v 3.248529 14.869859 15.599998
v 2.400003 14.869859 16.448528
v 0.848532 14.869859 15.599997
v 0.000006 14.869859 16.448528
v 2.400003 14.869859 14.751469
v 1.551474 14.869859 15.599998
v 0.000006 14.869859 14.751469
v -0.848520 14.869859 15.599995
v 2.400003 14.669859 14.751469
v 0.000006 14.669859 14.751467
v -0.848520 14.669859 15.599995
v 2.400003 14.669859 16.448528
v 0.848532 14.669859 15.599997
v 0.000006 14.669859 16.448528
v 2.400003 14.669859 17.151474
v 1.551474 14.669859 18.000000
v 0.000006 14.669859 17.151470
v -0.848528 14.669859 18.000000
v 3.248529 14.669859 18.000000
v 2.400003 14.669859 18.848530
v 0.848532 14.669859 18.000000
v 0.000006 14.669859 18.848530
v -1.799998 14.869859 14.999996
v -1.799998 14.869859 17.400002
v -1.799998 14.869859 16.200001
v 1.800001 14.669859 19.799999
v 3.000002 14.869859 19.799999
v 1.800001 14.869859 19.799999
v 0.600004 14.869859 19.799999
v -0.599993 14.869859 19.799999
v 0.600004 14.669859 13.799997
v -0.599993 14.669859 13.799997
v 3.000002 14.669859 13.799997
v 0.600004 14.869859 13.799997
v 1.800001 14.869859 13.799997
v 3.000002 14.869859 13.799997
v 3.248529 14.669859 15.599998
v 1.551474 14.669859 15.599998
v 22.200001 14.669859 13.799997
v 22.200001 14.669859 19.800003
v 19.799999 14.669859 13.799997
v 17.400005 14.869859 13.799997
v 22.200001 14.869859 13.799997
v 22.200001 14.669859 18.600002
v 22.200001 14.669859 17.400002
v 22.200001 14.669859 14.999998
v 22.200001 14.869859 14.999998
v 22.200001 14.869859 16.200001
v 22.200001 14.869859 19.800003
v 17.400005 14.669859 19.799999
v 18.600002 14.669859 19.799999
v 21.000004 14.669859 19.800003
v 16.200001 14.669859 16.200001
v 21.248531 14.869859 18.000000
v 20.399998 14.869859 18.848530
v 18.848530 14.869859 18.000000
v 18.000004 14.869859 18.848530
v 20.399998 14.869859 17.151474
v 19.551472 14.869859 18.000000
v 18.000004 14.869859 17.151470
v 17.151470 14.869859 18.000000
v 21.248531 14.869859 15.599998
v 20.400005 14.869859 16.448528
v 18.848530 14.869859 15.599997
v 18.000004 14.869859 16.448528
v 20.400005 14.869859 14.751471
v 19.551472 14.869859 15.599998
v 18.000004 14.869859 14.751469
v 17.151478 14.869859 15.599997
v 20.400005 14.669859 14.751471
v 18.000004 14.669859 14.751469
v 17.151478 14.669859 15.599997
v 20.400005 14.669859 16.448528
v 18.848530 14.669859 15.599997
v 18.000004 14.669859 16.448528
v 20.399998 14.669859 17.151474
v 19.551472 14.669859 18.000000
v 18.000004 14.669859 17.151470
v 17.151470 14.669859 18.000000
v 21.248531 14.669859 18.000000
v 20.399998 14.669859 18.848530
v 18.848530 14.669859 18.000000
v 18.000004 14.669859 18.848530
v 16.200001 14.669859 18.599998
v 16.200001 14.869859 14.999998
v 16.200001 14.869859 17.400002
v 16.200001 14.869859 16.200001
v 19.799999 14.669859 19.800003
v 21.000004 14.869859 19.800003
v 19.799999 14.869859 19.800003
v 18.600002 14.869859 19.799999
v 17.400005 14.869859 19.799999
v 22.200001 14.669859 16.200001
v 22.200001 14.869859 17.400002
v 22.200001 14.869859 18.600002
v 18.600002 14.669859 13.799997
v 17.400005 14.669859 13.799997
v 21.000004 14.669859 13.799997
v 18.600002 14.869859 13.799997
v 19.799999 14.869859 13.799997
v 21.000004 14.869859 13.799997
v 21.248531 14.669859 15.599998
v 19.551472 14.669859 15.599998
v 16.200001 14.669859 13.799997
v 10.200003 14.669859 19.799999
v 16.200001 14.669859 19.799999
v 13.800001 14.669859 13.799997
v 11.400009 14.869859 13.799997
v 16.200001 14.869859 13.799997
v 16.200001 14.669859 17.400002
v 16.200001 14.669859 14.999998
v 16.200001 14.869859 19.799999
v 11.400009 14.669859 19.799999
v 12.600006 14.669859 19.799999
v 15.000006 14.669859 19.799999
v 10.200003 14.669859 16.200001
v 15.248531 14.869859 18.000000
v 14.400007 14.869859 18.848530
v 12.848534 14.869859 18.000000
v 12.000008 14.869859 18.848530
v 14.400007 14.869859 17.151474
v 13.551474 14.869859 18.000000
v 12.000008 14.869859 17.151470
v 11.151474 14.869859 18.000000
v 15.248531 14.869859 15.599998
v 14.400007 14.869859 16.448528
v 12.848534 14.869859 15.599997
v 12.000008 14.869859 16.448528
v 14.400007 14.869859 14.751469
v 13.551474 14.869859 15.599998
v 12.000008 14.869859 14.751469
v 11.151482 14.869859 15.599995
v 14.400007 14.669859 14.751469
v 12.000008 14.669859 14.751467
v 11.151482 14.669859 15.599995
v 14.400007 14.669859 16.448528
v 12.848534 14.669859 15.599997
v 12.000008 14.669859 16.448528
v 14.400007 14.669859 17.151474
v 13.551474 14.669859 18.000000
v 12.000008 14.669859 17.151470
v 11.151474 14.669859 18.000000
v 15.248531 14.669859 18.000000
v 14.400007 14.669859 18.848530
v 12.848534 14.669859 18.000000
v 12.000008 14.669859 18.848530
v 10.200003 14.869859 18.599998
v 10.200003 14.869859 17.400002
v 10.200003 14.869859 16.200001
v 13.800001 14.669859 19.799999
v 15.000006 14.869859 19.799999
v 13.800001 14.869859 19.799999
v 12.600006 14.869859 19.799999
v 11.400009 14.869859 19.799999
v 16.200001 14.869859 18.599998
v 12.600006 14.669859 13.799997
v 11.400009 14.669859 13.799997
v 15.000006 14.669859 13.799997
v 12.600006 14.869859 13.799997
v 13.800001 14.869859 13.799997
v 15.000006 14.869859 13.799997
v 15.248531 14.669859 15.599998
v 13.551474 14.669859 15.599998
vn -0.0000 -1.0000 -0.0000
vn -0.0000 1.0000 -0.0000
vn -0.7071 -0.0000 0.7071
vn 0.7071 -0.0000 0.7071
vn 0.7071 -0.0000 -0.7071
vn -0.0000 -0.0000 1.0000
vn 1.0000 -0.0000 -0.0000
vn -0.0000 -0.0000 -1.0000
vn -1.0000 -0.0000 -0.0000
vn -0.7071 -0.0000 -0.7071
vt 0.325000 0.700000
vt 0.375000 0.700000
vt 0.375000 0.750000
vt 0.325000 0.750000
vt 0.825000 0.700000
vt 0.875000 0.700000
vt 0.875000 0.750000
vt 0.825000 0.750000
vt 0.625000 0.700000
vt 0.675000 0.700000
vt 0.675000 0.750000
vt 0.625000 0.750000
vt 0.725000 0.700000
vt 0.725000 0.750000
vt 0.775000 0.700000
vt 0.775000 0.750000
vt 0.625000 0.500000
vt 0.675000 0.500000
vt 0.675000 0.550000
vt 0.625000 0.550000
vt 0.675000 0.600000
vt 0.625000 0.600000
vt 0.675000 0.650000
vt 0.625000 0.650000
vt 0.725000 0.500000
vt 0.725000 0.550000
vt 0.775000 0.600000
vt 0.775000 0.550000
vt 0.725000 0.600000
vt 0.725000 0.650000
vt 0.775000 0.500000
vt 0.775000 0.650000
vt 0.825000 0.500000
vt 0.825000 0.550000
vt 0.825000 0.650000
vt 0.825000 0.600000
vt 0.875000 0.500000
vt 0.875000 0.550000
vt 0.875000 0.600000
vt 0.875000 0.650000
vt 0.125000 0.700000
vt 0.175000 0.700000
vt 0.175000 0.750000
vt 0.125000 0.750000
vt 0.225000 0.700000
vt 0.225000 0.750000
vt 0.275000 0.700000
vt 0.275000 0.750000
vt 0.125000 0.500000
vt 0.175000 0.500000
vt 0.175000 0.550000
vt 0.125000 0.550000
vt 0.175000 0.600000
vt 0.125000 0.600000
vt 0.175000 0.650000
vt 0.125000 0.650000
vt 0.225000 0.500000
vt 0.225000 0.550000
vt 0.225000 0.600000
vt 0.225000 0.650000
vt 0.275000 0.500000
vt 0.275000 0.550000
vt 0.275000 0.600000
vt 0.275000 0.650000
vt 0.325000 0.500000
vt 0.325000 0.550000
vt 0.325000 0.600000
vt 0.325000 0.650000
vt 0.375000 0.500000
vt 0.375000 0.550000
vt 0.375000 0.600000
vt 0.375000 0.650000
vt 0.475000 0.950000
vt 0.525000 0.950000
vt 0.525000 1.000000
vt 0.475000 1.000000
vt 0.475000 0.750000
vt 0.525000 0.750000
vt 0.525000 0.800000
vt 0.475000 0.800000
vt 0.525000 0.850000
vt 0.475000 0.850000
vt 0.525000 0.900000
vt 0.475000 0.900000
vt 0.475000 0.700000
vt 0.525000 0.700000
vt 0.475000 0.500000
vt 0.525000 0.500000
vt 0.525000 0.550000
vt 0.475000 0.550000
vt 0.525000 0.600000
vt 0.475000 0.600000
vt 0.525000 0.650000
vt 0.475000 0.650000
vt 0.475000 0.450000
vt 0.525000 0.450000
vt 0.475000 0.250000
vt 0.525000 0.250000
vt 0.525000 0.300000
vt 0.475000 0.300000
vt 0.525000 0.350000
vt 0.475000 0.350000
vt 0.525000 0.400000
vt 0.475000 0.400000
vt 0.475000 0.200000
vt 0.525000 0.200000
vt 0.475000 0.000000
vt 0.525000 0.000000
vt 0.525000 0.050000
vt 0.475000 0.050000
vt 0.525000 0.100000
vt 0.475000 0.100000
vt 0.525000 0.150000
vt 0.475000 0.150000
s 0
f 1679/746/668 1646/747/668 1702/748/668 1706/749/668
f 1665/750/669 1638/751/669 1705/752/669 1681/753/669
f 1688/754/669 1653/755/669 1680/756/669 1709/757/669
f 1653/755/669 1657/758/669 1682/759/669 1680/756/669
f 1657/758/669 1661/760/669 1683/761/669 1682/759/669
f 1661/760/669 1665/750/669 1681/753/669 1683/761/669
f 1645/762/669 1691/763/669 1650/764/669 1685/765/669
f 1685/765/669 1650/764/669 1651/766/669 1686/767/669
f 1686/767/669 1651/766/669 1652/768/669 1687/769/669
f 1687/769/669 1652/768/669 1653/755/669 1688/754/669
f 1691/763/669 1690/770/669 1654/771/669 1650/764/669
f 1659/772/670 1658/773/670 1698/773/670 1669/772/670
f 1651/766/669 1655/774/669 1656/775/669 1652/768/669
f 1650/764/671 1654/771/671 1672/771/671 1676/764/671
f 1690/770/669 1644/776/669 1658/773/669 1654/771/669
f 1654/771/669 1658/773/669 1659/772/669 1655/774/669
f 1655/774/669 1659/772/669 1660/777/669 1656/775/669
f 1656/775/669 1660/777/669 1661/760/669 1657/758/669
f 1644/776/669 1643/778/669 1662/779/669 1658/773/669
f 1664/780/672 1665/750/672 1668/750/672 1667/780/672
f 1659/772/669 1663/781/669 1664/780/669 1660/777/669
f 1656/775/672 1657/758/672 1675/758/672 1674/775/672
f 1643/778/669 1639/782/669 1697/783/669 1662/779/669
f 1662/779/669 1697/783/669 1696/784/669 1663/781/669
f 1663/781/669 1696/784/669 1695/785/669 1664/780/669
f 1664/780/669 1695/785/669 1638/751/669 1665/750/669
f 1693/786/668 1668/787/668 1708/788/668 1700/789/668
f 1668/787/668 1671/790/668 1649/791/668 1708/788/668
f 1671/790/668 1675/792/668 1707/793/668 1649/791/668
f 1675/792/668 1679/746/668 1706/749/668 1707/793/668
f 1635/794/668 1642/795/668 1666/796/668 1694/797/668
f 1694/797/668 1666/796/668 1699/798/668 1637/799/668
f 1637/799/668 1699/798/668 1667/800/668 1692/801/668
f 1692/801/668 1667/800/668 1668/787/668 1693/786/668
f 1642/795/668 1689/802/668 1698/803/668 1666/796/668
f 1699/798/668 1669/804/668 1670/805/668 1667/800/668
f 1689/802/668 1641/806/668 1672/807/668 1698/803/668
f 1698/803/668 1672/807/668 1673/808/668 1669/804/668
f 1669/804/668 1673/808/668 1674/809/668 1670/805/668
f 1670/805/668 1674/809/668 1675/792/668 1671/790/668
f 1641/806/668 1640/810/668 1676/811/668 1672/807/668
f 1673/808/668 1677/812/668 1678/813/668 1674/809/668
f 1640/810/668 1636/814/668 1648/815/668 1676/811/668
f 1676/811/668 1648/815/668 1684/816/668 1677/812/668
f 1677/812/668 1684/816/668 1647/817/668 1678/813/668
f 1678/813/668 1647/817/668 1646/747/668 1679/746/668
f 1708/818/673 1681/819/673 1705/820/673 1700/821/673
f 1702/822/673 1709/823/673 1680/824/673 1706/825/673
f 1706/825/673 1680/824/673 1682/826/673 1707/827/673
f 1707/827/673 1682/826/673 1683/828/673 1649/829/673
f 1649/829/673 1683/828/673 1681/819/673 1708/818/673
f 1646/830/674 1688/831/674 1709/823/674 1702/822/674
f 1636/832/674 1645/833/674 1685/834/674 1648/835/674
f 1648/835/674 1685/834/674 1686/836/674 1684/837/674
f 1684/837/674 1686/836/674 1687/838/674 1647/839/674
f 1647/839/674 1687/838/674 1688/831/674 1646/830/674
f 1640/840/675 1691/841/675 1645/833/675 1636/832/675
f 1635/842/675 1639/843/675 1643/844/675 1642/845/675
f 1642/845/675 1643/844/675 1644/846/675 1689/847/675
f 1689/847/675 1644/846/675 1690/848/675 1641/849/675
f 1641/849/675 1690/848/675 1691/841/675 1640/840/675
f 1694/850/676 1697/851/676 1639/843/676 1635/842/676
f 1700/852/676 1705/853/676 1638/854/676 1693/855/676
f 1693/855/676 1638/854/676 1695/856/676 1692/857/676
f 1692/857/676 1695/856/676 1696/858/676 1637/859/676
f 1637/859/676 1696/858/676 1697/851/676 1694/850/676
f 1658/773/671 1662/779/671 1666/779/671 1698/773/671
f 1651/766/670 1650/764/670 1676/764/670 1677/766/670
f 1655/774/677 1651/766/677 1677/766/677 1673/774/677
f 1663/781/677 1659/772/677 1669/772/677 1699/781/677
f 1652/768/671 1656/775/671 1674/775/671 1678/768/671
f 1661/760/670 1660/777/670 1670/777/670 1671/760/670
f 1660/777/671 1664/780/671 1667/780/671 1670/777/671
f 1653/755/670 1652/768/670 1678/768/670 1679/755/670
f 1657/758/677 1653/755/677 1679/755/677 1675/758/677
f 1665/750/677 1661/760/677 1671/760/677 1668/750/677
f 1654/771/672 1655/774/672 1673/774/672 1672/771/672
f 1662/779/672 1663/781/672 1699/781/672 1666/779/672
f 1743/746/668 1710/747/668 1701/748/668 1767/749/668
f 1729/750/669 1704/751/669 1766/752/669 1745/753/669
f 1752/754/669 1717/755/669 1744/756/669 1770/757/669
f 1717/755/669 1721/758/669 1746/759/669 1744/756/669
f 1721/758/669 1725/760/669 1747/761/669 1746/759/669
f 1725/760/669 1729/750/669 1745/753/669 1747/761/669
f 1709/762/669 1680/763/669 1714/764/669 1749/765/669
f 1749/765/669 1714/764/669 1715/766/669 1750/767/669
f 1750/767/669 1715/766/669 1716/768/669 1751/769/669
f 1751/769/669 1716/768/669 1717/755/669 1752/754/669
f 1680/763/669 1682/770/669 1718/771/669 1714/764/669
f 1723/772/670 1722/773/670 1759/773/670 1733/772/670
f 1715/766/669 1719/774/669 1720/775/669 1716/768/669
f 1714/764/671 1718/771/671 1736/771/671 1740/764/671
f 1682/770/669 1683/776/669 1722/773/669 1718/771/669
f 1718/771/669 1722/773/669 1723/772/669 1719/774/669
f 1719/774/669 1723/772/669 1724/777/669 1720/775/669
f 1720/775/669 1724/777/669 1725/760/669 1721/758/669
f 1683/776/669 1681/778/669 1726/779/669 1722/773/669
f 1728/780/672 1729/750/672 1732/750/672 1731/780/672
f 1723/772/669 1727/781/669 1728/780/669 1724/777/669
f 1720/775/672 1721/758/672 1739/758/672 1738/775/672
f 1681/778/669 1705/782/669 1758/783/669 1726/779/669
f 1726/779/669 1758/783/669 1757/784/669 1727/781/669
f 1727/781/669 1757/784/669 1756/785/669 1728/780/669
f 1728/780/669 1756/785/669 1704/751/669 1729/750/669
f 1754/786/668 1732/787/668 1769/788/668 1761/789/668
f 1732/787/668 1735/790/668 1713/791/668 1769/788/668
f 1735/790/668 1739/792/668 1768/793/668 1713/791/668
f 1739/792/668 1743/746/668 1767/749/668 1768/793/668
f 1700/794/668 1708/795/668 1730/796/668 1755/797/668
f 1755/797/668 1730/796/668 1760/798/668 1703/799/668
f 1703/799/668 1760/798/668 1731/800/668 1753/801/668
f 1753/801/668 1731/800/668 1732/787/668 1754/786/668
f 1708/795/668 1649/802/668 1759/803/668 1730/796/668
f 1760/798/668 1733/804/668 1734/805/668 1731/800/668
f 1649/802/668 1707/806/668 1736/807/668 1759/803/668
f 1759/803/668 1736/807/668 1737/808/668 1733/804/668
f 1733/804/668 1737/808/668 1738/809/668 1734/805/668
f 1734/805/668 1738/809/668 1739/792/668 1735/790/668
f 1707/806/668 1706/810/668 1740/811/668 1736/807/668
f 1737/808/668 1741/812/668 1742/813/668 1738/809/668
f 1706/810/668 1702/814/668 1712/815/668 1740/811/668
f 1740/811/668 1712/815/668 1748/816/668 1741/812/668
f 1741/812/668 1748/816/668 1711/817/668 1742/813/668
f 1742/813/668 1711/817/668 1710/747/668 1743/746/668
f 1769/818/673 1745/819/673 1766/820/673 1761/821/673
f 1701/822/673 1770/823/673 1744/824/673 1767/825/673
f 1767/825/673 1744/824/673 1746/826/673 1768/827/673
f 1768/827/673 1746/826/673 1747/828/673 1713/829/673
f 1713/829/673 1747/828/673 1745/819/673 1769/818/673
f 1710/830/674 1752/831/674 1770/823/674 1701/822/674
f 1702/832/674 1709/833/674 1749/834/674 1712/835/674
f 1712/835/674 1749/834/674 1750/836/674 1748/837/674
f 1748/837/674 1750/836/674 1751/838/674 1711/839/674
f 1711/839/674 1751/838/674 1752/831/674 1710/830/674
f 1755/850/676 1758/851/676 1705/843/676 1700/842/676
f 1761/852/676 1766/853/676 1704/854/676 1754/855/676
f 1754/855/676 1704/854/676 1756/856/676 1753/857/676
f 1753/857/676 1756/856/676 1757/858/676 1703/859/676
f 1703/859/676 1757/858/676 1758/851/676 1755/850/676
f 1722/773/671 1726/779/671 1730/779/671 1759/773/671
f 1715/766/670 1714/764/670 1740/764/670 1741/766/670
f 1719/774/677 1715/766/677 1741/766/677 1737/774/677
f 1727/781/677 1723/772/677 1733/772/677 1760/781/677
f 1716/768/671 1720/775/671 1738/775/671 1742/768/671
f 1725/760/670 1724/777/670 1734/777/670 1735/760/670
f 1724/777/671 1728/780/671 1731/780/671 1734/777/671
f 1717/755/670 1716/768/670 1742/768/670 1743/755/670
f 1721/758/677 1717/755/677 1743/755/677 1739/758/677
f 1729/750/677 1725/760/677 1735/760/677 1732/750/677
f 1718/771/672 1719/774/672 1737/774/672 1736/771/672
f 1726/779/672 1727/781/672 1760/781/672 1730/779/672
f 1804/746/668 1771/747/668 1762/748/668 1823/749/668
f 1790/750/669 1765/751/669 1822/752/669 1805/753/669
f 1811/754/669 1778/755/669 1869/756/669 1826/757/669
f 1778/755/669 1782/758/669 1868/759/669 1869/756/669
f 1782/758/669 1786/760/669 1806/761/669 1868/759/669
f 1786/760/669 1790/750/669 1805/753/669 1806/761/669
f 1770/762/669 1744/763/669 1775/764/669 1808/765/669
f 1808/765/669 1775/764/669 1776/766/669 1809/767/669
f 1809/767/669 1776/766/669 1777/768/669 1810/769/669
f 1810/769/669 1777/768/669 1778/755/669 1811/754/669
f 1744/763/669 1746/770/669 1779/771/669 1775/764/669
f 1784/772/670 1783/773/670 1818/773/670 1794/772/670
f 1776/766/669 1780/774/669 1781/775/669 1777/768/669
f 1775/764/671 1779/771/671 1797/771/671 1801/764/671
f 1746/770/669 1747/776/669 1783/773/669 1779/771/669
f 1779/771/669 1783/773/669 1784/772/669 1780/774/669
f 1780/774/669 1784/772/669 1785/777/669 1781/775/669
f 1781/775/669 1785/777/669 1786/760/669 1782/758/669
f 1747/776/669 1745/778/669 1787/779/669 1783/773/669
f 1789/780/672 1790/750/672 1793/750/672 1792/780/672
f 1784/772/669 1788/781/669 1789/780/669 1785/777/669
f 1781/775/672 1782/758/672 1800/758/672 1799/775/672
f 1745/778/669 1766/782/669 1817/783/669 1787/779/669
f 1787/779/669 1817/783/669 1816/784/669 1788/781/669
f 1788/781/669 1816/784/669 1815/785/669 1789/780/669
f 1789/780/669 1815/785/669 1765/751/669 1790/750/669
f 1813/786/668 1793/787/668 1825/788/668 1764/789/668
f 1793/787/668 1796/790/668 1774/791/668 1825/788/668
f 1796/790/668 1800/792/668 1824/793/668 1774/791/668
f 1800/792/668 1804/746/668 1823/749/668 1824/793/668
f 1761/794/668 1769/795/668 1791/796/668 1814/797/668
f 1814/797/668 1791/796/668 1819/798/668 1763/799/668
f 1763/799/668 1819/798/668 1792/800/668 1812/801/668
f 1812/801/668 1792/800/668 1793/787/668 1813/786/668
f 1769/795/668 1713/802/668 1818/803/668 1791/796/668
f 1819/798/668 1794/804/668 1795/805/668 1792/800/668
f 1713/802/668 1768/806/668 1797/807/668 1818/803/668
f 1818/803/668 1797/807/668 1798/808/668 1794/804/668
f 1794/804/668 1798/808/668 1799/809/668 1795/805/668
f 1795/805/668 1799/809/668 1800/792/668 1796/790/668
f 1768/806/668 1767/810/668 1801/811/668 1797/807/668
f 1798/808/668 1802/812/668 1803/813/668 1799/809/668
f 1767/810/668 1701/814/668 1773/815/668 1801/811/668
f 1801/811/668 1773/815/668 1807/816/668 1802/812/668
f 1802/812/668 1807/816/668 1772/817/668 1803/813/668
f 1803/813/668 1772/817/668 1771/747/668 1804/746/668
f 1825/818/673 1805/819/673 1822/820/673 1764/821/673
f 1762/822/673 1826/823/673 1869/824/673 1823/825/673
f 1824/827/673 1868/826/673 1806/828/673 1774/829/673
f 1774/829/673 1806/828/673 1805/819/673 1825/818/673
f 1771/830/674 1811/831/674 1826/823/674 1762/822/674
f 1701/832/674 1770/833/674 1808/834/674 1773/835/674
f 1773/835/674 1808/834/674 1809/836/674 1807/837/674
f 1807/837/674 1809/836/674 1810/838/674 1772/839/674
f 1772/839/674 1810/838/674 1811/831/674 1771/830/674
f 1814/850/676 1817/851/676 1766/843/676 1761/842/676
f 1764/852/676 1822/853/676 1765/854/676 1813/855/676
f 1813/855/676 1765/854/676 1815/856/676 1812/857/676
f 1812/857/676 1815/856/676 1816/858/676 1763/859/676
f 1763/859/676 1816/858/676 1817/851/676 1814/850/676
f 1783/773/671 1787/779/671 1791/779/671 1818/773/671
f 1776/766/670 1775/764/670 1801/764/670 1802/766/670
f 1780/774/677 1776/766/677 1802/766/677 1798/774/677
f 1788/781/677 1784/772/677 1794/772/677 1819/781/677
f 1777/768/671 1781/775/671 1799/775/671 1803/768/671
f 1786/760/670 1785/777/670 1795/777/670 1796/760/670
f 1785/777/671 1789/780/671 1792/780/671 1795/777/671
f 1778/755/670 1777/768/670 1803/768/670 1804/755/670
f 1782/758/677 1778/755/677 1804/755/677 1800/758/677
f 1790/750/677 1786/760/677 1796/760/677 1793/750/677
f 1779/771/672 1780/774/672 1798/774/672 1797/771/672
f 1787/779/672 1788/781/672 1819/781/672 1791/779/672
f 1859/746/668 1827/747/668 1879/748/668 1883/749/668
f 1845/750/669 1821/751/669 1882/752/669 1861/753/669
f 1867/754/669 1833/755/669 1860/756/669 1886/757/669
f 1833/755/669 1837/758/669 1930/759/669 1860/756/669
f 1837/758/669 1841/760/669 1862/761/669 1930/759/669
f 1841/760/669 1845/750/669 1861/753/669 1862/761/669
f 1826/762/669 1869/763/669 1830/764/669 1864/765/669
f 1864/765/669 1830/764/669 1831/766/669 1865/767/669
f 1865/767/669 1831/766/669 1832/768/669 1866/769/669
f 1866/769/669 1832/768/669 1833/755/669 1867/754/669
f 1869/763/669 1868/770/669 1834/771/669 1830/764/669
f 1839/772/670 1838/773/670 1876/773/670 1849/772/670
f 1831/766/669 1835/774/669 1836/775/669 1832/768/669
f 1830/764/671 1834/771/671 1852/771/671 1856/764/671
f 1868/770/669 1806/776/669 1838/773/669 1834/771/669
f 1834/771/669 1838/773/669 1839/772/669 1835/774/669
f 1835/774/669 1839/772/669 1840/777/669 1836/775/669
f 1836/775/669 1840/777/669 1841/760/669 1837/758/669
f 1806/776/669 1805/778/669 1842/779/669 1838/773/669
f 1844/780/672 1845/750/672 1848/750/672 1847/780/672
f 1839/772/669 1843/781/669 1844/780/669 1840/777/669
f 1836/775/672 1837/758/672 1855/758/672 1854/775/672
f 1805/778/669 1822/782/669 1875/783/669 1842/779/669
f 1842/779/669 1875/783/669 1874/784/669 1843/781/669
f 1843/781/669 1874/784/669 1873/785/669 1844/780/669
f 1844/780/669 1873/785/669 1821/751/669 1845/750/669
f 1871/786/668 1848/787/668 1885/788/668 1878/789/668
f 1848/787/668 1851/790/668 1929/791/668 1885/788/668
f 1851/790/668 1855/792/668 1884/793/668 1929/791/668
f 1855/792/668 1859/746/668 1883/749/668 1884/793/668
f 1764/794/668 1825/795/668 1846/796/668 1872/797/668
f 1872/797/668 1846/796/668 1877/798/668 1820/799/668
f 1820/799/668 1877/798/668 1847/800/668 1870/801/668
f 1870/801/668 1847/800/668 1848/787/668 1871/786/668
f 1825/795/668 1774/802/668 1876/803/668 1846/796/668
f 1877/798/668 1849/804/668 1850/805/668 1847/800/668
f 1774/802/668 1824/806/668 1852/807/668 1876/803/668
f 1876/803/668 1852/807/668 1853/808/668 1849/804/668
f 1849/804/668 1853/808/668 1854/809/668 1850/805/668
f 1850/805/668 1854/809/668 1855/792/668 1851/790/668
f 1824/806/668 1823/810/668 1856/811/668 1852/807/668
f 1853/808/668 1857/812/668 1858/813/668 1854/809/668
f 1823/810/668 1762/814/668 1829/815/668 1856/811/668
f 1856/811/668 1829/815/668 1863/816/668 1857/812/668
f 1857/812/668 1863/816/668 1828/817/668 1858/813/668
f 1858/813/668 1828/817/668 1827/747/668 1859/746/668
f 1885/818/673 1861/819/673 1882/820/673 1878/821/673
f 1879/822/673 1886/823/673 1860/824/673 1883/825/673
f 1883/825/673 1860/824/673 1930/826/673 1884/827/673
f 1884/827/673 1930/826/673 1862/828/673 1929/829/673
f 1929/829/673 1862/828/673 1861/819/673 1885/818/673
f 1827/830/674 1867/831/674 1886/823/674 1879/822/674
f 1762/832/674 1826/833/674 1864/834/674 1829/835/674
f 1829/835/674 1864/834/674 1865/836/674 1863/837/674
f 1863/837/674 1865/836/674 1866/838/674 1828/839/674
f 1828/839/674 1866/838/674 1867/831/674 1827/830/674
f 1824/849/675 1868/848/675 1869/841/675 1823/840/675
f 1872/850/676 1875/851/676 1822/843/676 1764/842/676
f 1878/852/676 1882/853/676 1821/854/676 1871/855/676
f 1871/855/676 1821/854/676 1873/856/676 1870/857/676
f 1870/857/676 1873/856/676 1874/858/676 1820/859/676
f 1820/859/676 1874/858/676 1875/851/676 1872/850/676
f 1838/773/671 1842/779/671 1846/779/671 1876/773/671
f 1831/766/670 1830/764/670 1856/764/670 1857/766/670
f 1835/774/677 1831/766/677 1857/766/677 1853/774/677
f 1843/781/677 1839/772/677 1849/772/677 1877/781/677
f 1832/768/671 1836/775/671 1854/775/671 1858/768/671
f 1841/760/670 1840/777/670 1850/777/670 1851/760/670
f 1840/777/671 1844/780/671 1847/780/671 1850/777/671
f 1833/755/670 1832/768/670 1858/768/670 1859/755/670
f 1837/758/677 1833/755/677 1859/755/677 1855/758/677
f 1845/750/677 1841/760/677 1851/760/677 1848/750/677
f 1834/771/672 1835/774/672 1853/774/672 1852/771/672
f 1842/779/672 1843/781/672 1877/781/672 1846/779/672
f 1920/746/668 1887/747/668 1941/748/668 1947/749/668
f 1906/750/669 1881/751/669 1946/752/669 1922/753/669
f 1928/754/669 1894/755/669 1921/756/669 1950/757/669
f 1894/755/669 1898/758/669 1994/759/669 1921/756/669
f 1898/758/669 1902/760/669 1923/761/669 1994/759/669
f 1902/760/669 1906/750/669 1922/753/669 1923/761/669
f 1886/762/669 1860/763/669 1891/764/669 1925/765/669
f 1925/765/669 1891/764/669 1892/766/669 1926/767/669
f 1926/767/669 1892/766/669 1893/768/669 1927/769/669
f 1927/769/669 1893/768/669 1894/755/669 1928/754/669
f 1860/763/669 1930/770/669 1895/771/669 1891/764/669
f 1900/772/670 1899/773/670 1937/773/670 1910/772/670
f 1892/766/669 1896/774/669 1897/775/669 1893/768/669
f 1891/764/671 1895/771/671 1913/771/671 1917/764/671
f 1930/770/669 1862/776/669 1899/773/669 1895/771/669
f 1895/771/669 1899/773/669 1900/772/669 1896/774/669
f 1896/774/669 1900/772/669 1901/777/669 1897/775/669
f 1897/775/669 1901/777/669 1902/760/669 1898/758/669
f 1862/776/669 1861/778/669 1903/779/669 1899/773/669
f 1905/780/672 1906/750/672 1909/750/672 1908/780/672
f 1900/772/669 1904/781/669 1905/780/669 1901/777/669
f 1897/775/672 1898/758/672 1916/758/672 1915/775/672
f 1861/778/669 1882/782/669 1936/783/669 1903/779/669
f 1903/779/669 1936/783/669 1935/784/669 1904/781/669
f 1904/781/669 1935/784/669 1934/785/669 1905/780/669
f 1905/780/669 1934/785/669 1881/751/669 1906/750/669
f 1932/786/668 1909/787/668 1949/788/668 1939/789/668
f 1909/787/668 1912/790/668 1890/791/668 1949/788/668
f 1912/790/668 1916/792/668 1948/793/668 1890/791/668
f 1916/792/668 1920/746/668 1947/749/668 1948/793/668
f 1878/794/668 1885/795/668 1907/796/668 1933/797/668
f 1933/797/668 1907/796/668 1938/798/668 1880/799/668
f 1880/799/668 1938/798/668 1908/800/668 1931/801/668
f 1931/801/668 1908/800/668 1909/787/668 1932/786/668
f 1885/795/668 1929/802/668 1937/803/668 1907/796/668
f 1938/798/668 1910/804/668 1911/805/668 1908/800/668
f 1929/802/668 1884/806/668 1913/807/668 1937/803/668
f 1937/803/668 1913/807/668 1914/808/668 1910/804/668
f 1910/804/668 1914/808/668 1915/809/668 1911/805/668
f 1911/805/668 1915/809/668 1916/792/668 1912/790/668
f 1884/806/668 1883/810/668 1917/811/668 1913/807/668
f 1914/808/668 1918/812/668 1919/813/668 1915/809/668
f 1883/810/668 1879/814/668 1889/815/668 1917/811/668
f 1917/811/668 1889/815/668 1924/816/668 1918/812/668
f 1918/812/668 1924/816/668 1888/817/668 1919/813/668
f 1919/813/668 1888/817/668 1887/747/668 1920/746/668
f 1949/818/673 1922/819/673 1946/820/673 1939/821/673
f 1941/822/673 1950/823/673 1921/824/673 1947/825/673
f 1947/825/673 1921/824/673 1994/826/673 1948/827/673
f 1948/827/673 1994/826/673 1923/828/673 1890/829/673
f 1890/829/673 1923/828/673 1922/819/673 1949/818/673
f 1887/830/674 1928/831/674 1950/823/674 1941/822/674
f 1879/832/674 1886/833/674 1925/834/674 1889/835/674
f 1889/835/674 1925/834/674 1926/836/674 1924/837/674
f 1924/837/674 1926/836/674 1927/838/674 1888/839/674
f 1888/839/674 1927/838/674 1928/831/674 1887/830/674
f 1933/850/676 1936/851/676 1882/843/676 1878/842/676
f 1939/852/676 1946/853/676 1881/854/676 1932/855/676
f 1932/855/676 1881/854/676 1934/856/676 1931/857/676
f 1931/857/676 1934/856/676 1935/858/676 1880/859/676
f 1880/859/676 1935/858/676 1936/851/676 1933/850/676
f 1899/773/671 1903/779/671 1907/779/671 1937/773/671
f 1892/766/670 1891/764/670 1917/764/670 1918/766/670
f 1896/774/677 1892/766/677 1918/766/677 1914/774/677
f 1904/781/677 1900/772/677 1910/772/677 1938/781/677
f 1893/768/671 1897/775/671 1915/775/671 1919/768/671
f 1902/760/670 1901/777/670 1911/777/670 1912/760/670
f 1901/777/671 1905/780/671 1908/780/671 1911/777/671
f 1894/755/670 1893/768/670 1919/768/670 1920/755/670
f 1898/758/677 1894/755/677 1920/755/677 1916/758/677
f 1906/750/677 1902/760/677 1912/760/677 1909/750/677
f 1895/771/672 1896/774/672 1914/774/672 1913/771/672
f 1903/779/672 1904/781/672 1938/781/672 1907/779/672
f 1984/746/668 1951/747/668 2065/748/668 1985/749/668
f 1970/750/669 1945/751/669 1944/752/669 1988/753/669
f 2108/754/669 1958/755/669 1987/756/669 1940/757/669
f 1958/755/669 1962/758/669 1989/759/669 1987/756/669
f 1962/758/669 1966/760/669 1990/761/669 1989/759/669
f 1966/760/669 1970/750/669 1988/753/669 1990/761/669
f 1950/762/669 1921/763/669 1955/764/669 1991/765/669
f 1991/765/669 1955/764/669 1956/766/669 1992/767/669
f 1992/767/669 1956/766/669 1957/768/669 1993/769/669
f 1993/769/669 1957/768/669 1958/755/669 2108/754/669
f 1921/763/669 1994/770/669 1959/771/669 1955/764/669
f 1964/772/670 1963/773/670 2001/773/670 1974/772/670
f 1956/766/669 1960/774/669 1961/775/669 1957/768/669
f 1955/764/671 1959/771/671 1977/771/671 1981/764/671
f 1994/770/669 1923/776/669 1963/773/669 1959/771/669
f 1959/771/669 1963/773/669 1964/772/669 1960/774/669
f 1960/774/669 1964/772/669 1965/777/669 1961/775/669
f 1961/775/669 1965/777/669 1966/760/669 1962/758/669
f 1923/776/669 1922/778/669 1967/779/669 1963/773/669
f 1969/780/672 1970/750/672 1973/750/672 1972/780/672
f 1964/772/669 1968/781/669 1969/780/669 1965/777/669
f 1961/775/672 1962/758/672 1980/758/672 1979/775/672
f 1922/778/669 1946/782/669 2000/783/669 1967/779/669
f 1967/779/669 2000/783/669 1999/784/669 1968/781/669
f 1968/781/669 1999/784/669 1998/785/669 1969/780/669
f 1969/780/669 1998/785/669 1945/751/669 1970/750/669
f 1996/786/668 1973/787/668 1953/788/668 1943/789/668
f 1973/787/668 1976/790/668 1954/791/668 1953/788/668
f 1976/790/668 1980/792/668 1986/793/668 1954/791/668
f 1980/792/668 1984/746/668 1985/749/668 1986/793/668
f 1939/794/668 1949/795/668 1971/796/668 1997/797/668
f 1997/797/668 1971/796/668 2002/798/668 1942/799/668
f 1942/799/668 2002/798/668 1972/800/668 1995/801/668
f 1995/801/668 1972/800/668 1973/787/668 1996/786/668
f 1949/795/668 1890/802/668 2001/803/668 1971/796/668
f 2002/798/668 1974/804/668 1975/805/668 1972/800/668
f 1890/802/668 1948/806/668 1977/807/668 2001/803/668
f 2001/803/668 1977/807/668 1978/808/668 1974/804/668
f 1974/804/668 1978/808/668 1979/809/668 1975/805/668
f 1975/805/668 1979/809/668 1980/792/668 1976/790/668
f 1948/806/668 1947/810/668 1981/811/668 1977/807/668
f 1978/808/668 1982/812/668 1983/813/668 1979/809/668
f 1947/810/668 1941/814/668 2076/815/668 1981/811/668
f 1981/811/668 2076/815/668 2077/816/668 1982/812/668
f 1982/812/668 2077/816/668 1952/817/668 1983/813/668
f 1983/813/668 1952/817/668 1951/747/668 1984/746/668
f 1953/818/673 1988/819/673 1944/820/673 1943/821/673
f 2065/822/673 1940/823/673 1987/824/673 1985/825/673
f 1985/825/673 1987/824/673 1989/826/673 1986/827/673
f 1986/827/673 1989/826/673 1990/828/673 1954/829/673
f 1954/829/673 1990/828/673 1988/819/673 1953/818/673
f 1951/830/674 2108/831/674 1940/823/674 2065/822/674
f 1941/832/674 1950/833/674 1991/834/674 2076/835/674
f 2076/835/674 1991/834/674 1992/836/674 2077/837/674
f 2077/837/674 1992/836/674 1993/838/674 1952/839/674
f 1952/839/674 1993/838/674 2108/831/674 1951/830/674
f 1997/850/676 2000/851/676 1946/843/676 1939/842/676
f 1943/852/676 1944/853/676 1945/854/676 1996/855/676
f 1996/855/676 1945/854/676 1998/856/676 1995/857/676
f 1995/857/676 1998/856/676 1999/858/676 1942/859/676
f 1942/859/676 1999/858/676 2000/851/676 1997/850/676
f 1963/773/671 1967/779/671 1971/779/671 2001/773/671
f 1956/766/670 1955/764/670 1981/764/670 1982/766/670
f 1960/774/677 1956/766/677 1982/766/677 1978/774/677
f 1968/781/677 1964/772/677 1974/772/677 2002/781/677
f 1957/768/671 1961/775/671 1979/775/671 1983/768/671
f 1966/760/670 1965/777/670 1975/777/670 1976/760/670
f 1965/777/671 1969/780/671 1972/780/671 1975/777/671
f 1958/755/670 1957/768/670 1983/768/670 1984/755/670
f 1962/758/677 1958/755/677 1984/755/677 1980/758/677
f 1970/750/677 1966/760/677 1976/760/677 1973/750/677
f 1959/771/672 1960/774/672 1978/774/672 1977/771/672
f 1967/779/672 1968/781/672 2002/781/672 1971/779/672
f 2046/746/668 2012/747/668 2066/748/668 2070/749/668
f 2032/750/669 2006/751/669 2069/752/669 2048/753/669
f 2054/754/669 2020/755/669 2047/756/669 2072/757/669
f 2020/755/669 2024/758/669 2114/759/669 2047/756/669
f 2024/758/669 2028/760/669 2049/761/669 2114/759/669
f 2028/760/669 2032/750/669 2048/753/669 2049/761/669
f 2011/762/669 2055/763/669 2017/764/669 2051/765/669
f 2051/765/669 2017/764/669 2018/766/669 2052/767/669
f 2052/767/669 2018/766/669 2019/768/669 2053/769/669
f 2053/769/669 2019/768/669 2020/755/669 2054/754/669
f 2055/763/669 2227/770/669 2021/771/669 2017/764/669
f 2026/772/677 2025/773/677 2062/773/677 2036/772/677
f 2018/766/669 2022/774/669 2023/775/669 2019/768/669
f 2017/764/670 2021/771/670 2039/771/670 2043/764/670
f 2227/770/669 2228/776/669 2025/773/669 2021/771/669
f 2021/771/669 2025/773/669 2026/772/669 2022/774/669
f 2022/774/669 2026/772/669 2027/777/669 2023/775/669
f 2023/775/669 2027/777/669 2028/760/669 2024/758/669
f 2228/776/669 2226/778/669 2029/779/669 2025/773/669
f 2031/780/671 2032/750/671 2035/750/671 2034/780/671
f 2026/772/669 2030/781/669 2031/780/669 2027/777/669
f 2023/775/671 2024/758/671 2042/758/671 2041/775/671
f 2226/778/669 2007/782/669 2061/783/669 2029/779/669
f 2029/779/669 2061/783/669 2060/784/669 2030/781/669
f 2030/781/669 2060/784/669 2059/785/669 2031/780/669
f 2031/780/669 2059/785/669 2006/751/669 2032/750/669
f 2057/786/668 2035/787/668 2015/788/668 2064/789/668
f 2035/787/668 2038/790/668 2016/791/668 2015/788/668
f 2038/790/668 2042/792/668 2071/793/668 2016/791/668
f 2042/792/668 2046/746/668 2070/749/668 2071/793/668
f 2003/794/668 2010/795/668 2033/796/668 2058/797/668
f 2058/797/668 2033/796/668 2063/798/668 2005/799/668
f 2005/799/668 2063/798/668 2034/800/668 2056/801/668
f 2056/801/668 2034/800/668 2035/787/668 2057/786/668
f 2010/795/668 2195/802/668 2062/803/668 2033/796/668
f 2063/798/668 2036/804/668 2037/805/668 2034/800/668
f 2195/802/668 2009/806/668 2039/807/668 2062/803/668
f 2062/803/668 2039/807/668 2040/808/668 2036/804/668
f 2036/804/668 2040/808/668 2041/809/668 2037/805/668
f 2037/805/668 2041/809/668 2042/792/668 2038/790/668
f 2009/806/668 2008/810/668 2043/811/668 2039/807/668
f 2040/808/668 2044/812/668 2045/813/668 2041/809/668
f 2008/810/668 2004/814/668 2014/815/668 2043/811/668
f 2043/811/668 2014/815/668 2050/816/668 2044/812/668
f 2044/812/668 2050/816/668 2013/817/668 2045/813/668
f 2045/813/668 2013/817/668 2012/747/668 2046/746/668
f 2015/818/676 2048/819/676 2069/820/676 2064/821/676
f 2066/822/676 2072/823/676 2047/824/676 2070/825/676
f 2070/825/676 2047/824/676 2114/826/676 2071/827/676
f 2071/827/676 2114/826/676 2049/828/676 2016/829/676
f 2016/829/676 2049/828/676 2048/819/676 2015/818/676
f 2012/830/673 2054/831/673 2072/823/673 2066/822/673
f 2004/832/673 2011/833/673 2051/834/673 2014/835/673
f 2014/835/673 2051/834/673 2052/836/673 2050/837/673
f 2050/837/673 2052/836/673 2053/838/673 2013/839/673
f 2013/839/673 2053/838/673 2054/831/673 2012/830/673
f 2008/840/674 2055/841/674 2011/833/674 2004/832/674
f 2003/842/674 2007/843/674 2226/844/674 2010/845/674
f 2010/845/674 2226/844/674 2228/846/674 2195/847/674
f 2195/847/674 2228/846/674 2227/848/674 2009/849/674
f 2009/849/674 2227/848/674 2055/841/674 2008/840/674
f 2058/850/675 2061/851/675 2007/843/675 2003/842/675
f 2064/852/675 2069/853/675 2006/854/675 2057/855/675
f 2057/855/675 2006/854/675 2059/856/675 2056/857/675
f 2056/857/675 2059/856/675 2060/858/675 2005/859/675
f 2005/859/675 2060/858/675 2061/851/675 2058/850/675
f 2025/773/670 2029/779/670 2033/779/670 2062/773/670
f 2018/766/677 2017/764/677 2043/764/677 2044/766/677
f 2022/774/672 2018/766/672 2044/766/672 2040/774/672
f 2030/781/672 2026/772/672 2036/772/672 2063/781/672
f 2019/768/670 2023/775/670 2041/775/670 2045/768/670
f 2028/760/677 2027/777/677 2037/777/677 2038/760/677
f 2027/777/670 2031/780/670 2034/780/670 2037/777/670
f 2020/755/677 2019/768/677 2045/768/677 2046/755/677
f 2024/758/672 2020/755/672 2046/755/672 2042/758/672
f 2032/750/672 2028/760/672 2038/760/672 2035/750/672
f 2021/771/671 2022/774/671 2040/774/671 2039/771/671
f 2029/779/671 2030/781/671 2063/781/671 2033/779/671
f 2107/746/668 2073/747/668 2065/748/668 1951/749/668
f 2093/750/669 2068/751/669 1950/752/669 1991/753/669
f 2113/754/669 2081/755/669 2108/756/669 1940/757/669
f 2081/755/669 2085/758/669 1993/759/669 2108/756/669
f 2085/758/669 2089/760/669 1992/761/669 1993/759/669
f 2089/760/669 2093/750/669 1991/753/669 1992/761/669
f 2072/762/669 2047/763/669 2078/764/669 2110/765/669
f 2110/765/669 2078/764/669 2079/766/669 2111/767/669
f 2111/767/669 2079/766/669 2080/768/669 2112/769/669
f 2112/769/669 2080/768/669 2081/755/669 2113/754/669
f 2047/763/669 2114/770/669 2082/771/669 2078/764/669
f 2087/772/677 2086/773/677 2121/773/677 2097/772/677
f 2079/766/669 2083/774/669 2084/775/669 2080/768/669
f 2078/764/670 2082/771/670 2100/771/670 2104/764/670
f 2114/770/669 2049/776/669 2086/773/669 2082/771/669
f 2082/771/669 2086/773/669 2087/772/669 2083/774/669
f 2083/774/669 2087/772/669 2088/777/669 2084/775/669
f 2084/775/669 2088/777/669 2089/760/669 2085/758/669
f 2049/776/669 2048/778/669 2090/779/669 2086/773/669
f 2092/780/671 2093/750/671 2096/750/671 2095/780/671
f 2087/772/669 2091/781/669 2092/780/669 2088/777/669
f 2084/775/671 2085/758/671 2103/758/671 2102/775/671
f 2048/778/669 2069/782/669 2120/783/669 2090/779/669
f 2090/779/669 2120/783/669 2119/784/669 2091/781/669
f 2091/781/669 2119/784/669 2118/785/669 2092/780/669
f 2092/780/669 2118/785/669 2068/751/669 2093/750/669
f 2116/786/668 2096/787/668 2076/788/668 1941/789/668
f 2096/787/668 2099/790/668 2077/791/668 2076/788/668
f 2099/790/668 2103/792/668 1952/793/668 2077/791/668
f 2103/792/668 2107/746/668 1951/749/668 1952/793/668
f 2064/794/668 2015/795/668 2094/796/668 2117/797/668
f 2117/797/668 2094/796/668 2122/798/668 2067/799/668
f 2067/799/668 2122/798/668 2095/800/668 2115/801/668
f 2115/801/668 2095/800/668 2096/787/668 2116/786/668
f 2015/795/668 2016/802/668 2121/803/668 2094/796/668
f 2122/798/668 2097/804/668 2098/805/668 2095/800/668
f 2016/802/668 2071/806/668 2100/807/668 2121/803/668
f 2121/803/668 2100/807/668 2101/808/668 2097/804/668
f 2097/804/668 2101/808/668 2102/809/668 2098/805/668
f 2098/805/668 2102/809/668 2103/792/668 2099/790/668
f 2071/806/668 2070/810/668 2104/811/668 2100/807/668
f 2101/808/668 2105/812/668 2106/813/668 2102/809/668
f 2070/810/668 2066/814/668 2075/815/668 2104/811/668
f 2104/811/668 2075/815/668 2109/816/668 2105/812/668
f 2105/812/668 2109/816/668 2074/817/668 2106/813/668
f 2106/813/668 2074/817/668 2073/747/668 2107/746/668
f 2073/830/673 2113/831/673 1940/823/673 2065/822/673
f 2066/832/673 2072/833/673 2110/834/673 2075/835/673
f 2075/835/673 2110/834/673 2111/836/673 2109/837/673
f 2109/837/673 2111/836/673 2112/838/673 2074/839/673
f 2074/839/673 2112/838/673 2113/831/673 2073/830/673
f 2117/850/675 2120/851/675 2069/843/675 2064/842/675
f 1941/852/675 1950/853/675 2068/854/675 2116/855/675
f 2116/855/675 2068/854/675 2118/856/675 2115/857/675
f 2115/857/675 2118/856/675 2119/858/675 2067/859/675
f 2067/859/675 2119/858/675 2120/851/675 2117/850/675
f 2086/773/670 2090/779/670 2094/779/670 2121/773/670
f 2079/766/677 2078/764/677 2104/764/677 2105/766/677
f 2083/774/672 2079/766/672 2105/766/672 2101/774/672
f 2091/781/672 2087/772/672 2097/772/672 2122/781/672
f 2080/768/670 2084/775/670 2102/775/670 2106/768/670
f 2089/760/677 2088/777/677 2098/777/677 2099/760/677
f 2088/777/670 2092/780/670 2095/780/670 2098/777/670
f 2081/755/677 2080/768/677 2106/768/677 2107/755/677
f 2085/758/672 2081/755/672 2107/755/672 2103/758/672
f 2093/750/672 2089/760/672 2099/760/672 2096/750/672
f 2082/771/671 2083/774/671 2101/774/671 2100/771/671
f 2090/779/671 2091/781/671 2122/781/671 2094/779/671
f 2167/746/668 2134/747/668 2124/748/668 2187/749/668
f 2153/750/669 2127/751/669 2186/752/669 2190/753/669
f 2175/754/669 2141/755/669 2168/756/669 2191/757/669
f 2141/755/669 2145/758/669 2169/759/669 2168/756/669
f 2145/758/669 2149/760/669 2170/761/669 2169/759/669
f 2149/760/669 2153/750/669 2190/753/669 2170/761/669
f 2133/762/669 2350/763/669 2138/764/669 2172/765/669
f 2172/765/669 2138/764/669 2139/766/669 2173/767/669
f 2173/767/669 2139/766/669 2140/768/669 2174/769/669
f 2174/769/669 2140/768/669 2141/755/669 2175/754/669
f 2350/763/669 2351/770/669 2142/771/669 2138/764/669
f 2147/772/677 2146/773/677 2182/773/677 2157/772/677
f 2139/766/669 2143/774/669 2144/775/669 2140/768/669
f 2138/764/670 2142/771/670 2160/771/670 2164/764/670
f 2351/770/669 2352/776/669 2146/773/669 2142/771/669
f 2142/771/669 2146/773/669 2147/772/669 2143/774/669
f 2143/774/669 2147/772/669 2148/777/669 2144/775/669
f 2144/775/669 2148/777/669 2149/760/669 2145/758/669
f 2352/776/669 2132/778/669 2150/779/669 2146/773/669
f 2152/780/671 2153/750/671 2156/750/671 2155/780/671
f 2147/772/669 2151/781/669 2152/780/669 2148/777/669
f 2144/775/671 2145/758/671 2163/758/671 2162/775/671
f 2132/778/669 2128/782/669 2181/783/669 2150/779/669
f 2150/779/669 2181/783/669 2180/784/669 2151/781/669
f 2151/781/669 2180/784/669 2179/785/669 2152/780/669
f 2152/780/669 2179/785/669 2127/751/669 2153/750/669
f 2177/786/668 2156/787/668 2189/788/668 2126/789/668
f 2156/787/668 2159/790/668 2137/791/668 2189/788/668
f 2159/790/668 2163/792/668 2188/793/668 2137/791/668
f 2163/792/668 2167/746/668 2187/749/668 2188/793/668
f 2123/794/668 2131/795/668 2154/796/668 2178/797/668
f 2178/797/668 2154/796/668 2183/798/668 2125/799/668
f 2125/799/668 2183/798/668 2155/800/668 2176/801/668
f 2176/801/668 2155/800/668 2156/787/668 2177/786/668
f 2131/795/668 2319/802/668 2182/803/668 2154/796/668
f 2183/798/668 2157/804/668 2158/805/668 2155/800/668
f 2319/802/668 2130/806/668 2160/807/668 2182/803/668
f 2182/803/668 2160/807/668 2161/808/668 2157/804/668
f 2157/804/668 2161/808/668 2162/809/668 2158/805/668
f 2158/805/668 2162/809/668 2163/792/668 2159/790/668
f 2130/806/668 2129/810/668 2164/811/668 2160/807/668
f 2161/808/668 2165/812/668 2166/813/668 2162/809/668
f 2129/810/668 2308/814/668 2136/815/668 2164/811/668
f 2164/811/668 2136/815/668 2171/816/668 2165/812/668
f 2165/812/668 2171/816/668 2135/817/668 2166/813/668
f 2166/813/668 2135/817/668 2134/747/668 2167/746/668
f 2189/818/676 2190/819/676 2186/820/676 2126/821/676
f 2124/822/676 2191/823/676 2168/824/676 2187/825/676
f 2187/825/676 2168/824/676 2169/826/676 2188/827/676
f 2188/827/676 2169/826/676 2170/828/676 2137/829/676
f 2137/829/676 2170/828/676 2190/819/676 2189/818/676
f 2134/830/673 2175/831/673 2191/823/673 2124/822/673
f 2308/832/673 2133/833/673 2172/834/673 2136/835/673
f 2136/835/673 2172/834/673 2173/836/673 2171/837/673
f 2171/837/673 2173/836/673 2174/838/673 2135/839/673
f 2135/839/673 2174/838/673 2175/831/673 2134/830/673
f 2129/840/674 2350/841/674 2133/833/674 2308/832/674
f 2123/842/674 2128/843/674 2132/844/674 2131/845/674
f 2131/845/674 2132/844/674 2352/846/674 2319/847/674
f 2319/847/674 2352/846/674 2351/848/674 2130/849/674
f 2130/849/674 2351/848/674 2350/841/674 2129/840/674
f 2178/850/675 2181/851/675 2128/843/675 2123/842/675
f 2126/852/675 2186/853/675 2127/854/675 2177/855/675
f 2177/855/675 2127/854/675 2179/856/675 2176/857/675
f 2176/857/675 2179/856/675 2180/858/675 2125/859/675
f 2125/859/675 2180/858/675 2181/851/675 2178/850/675
f 2146/773/670 2150/779/670 2154/779/670 2182/773/670
f 2139/766/677 2138/764/677 2164/764/677 2165/766/677
f 2143/774/672 2139/766/672 2165/766/672 2161/774/672
f 2151/781/672 2147/772/672 2157/772/672 2183/781/672
f 2140/768/670 2144/775/670 2162/775/670 2166/768/670
f 2149/760/677 2148/777/677 2158/777/677 2159/760/677
f 2148/777/670 2152/780/670 2155/780/670 2158/777/670
f 2141/755/677 2140/768/677 2166/768/677 2167/755/677
f 2145/758/672 2141/755/672 2167/755/672 2163/758/672
f 2153/750/672 2149/760/672 2159/760/672 2156/750/672
f 2142/771/671 2143/774/671 2161/774/671 2160/771/671
f 2150/779/671 2151/781/671 2183/781/671 2154/779/671
f 2225/746/668 2192/747/668 2004/748/668 2008/749/668
f 2211/750/669 2185/751/669 2007/752/669 2226/753/669
f 2233/754/669 2199/755/669 2055/756/669 2011/757/669
f 2199/755/669 2203/758/669 2227/759/669 2055/756/669
f 2203/758/669 2207/760/669 2228/761/669 2227/759/669
f 2207/760/669 2211/750/669 2226/753/669 2228/761/669
f 2191/762/669 2168/763/669 2196/764/669 2230/765/669
f 2230/765/669 2196/764/669 2197/766/669 2231/767/669
f 2231/767/669 2197/766/669 2198/768/669 2232/769/669
f 2232/769/669 2198/768/669 2199/755/669 2233/754/669
f 2168/763/669 2169/770/669 2200/771/669 2196/764/669
f 2205/772/677 2204/773/677 2240/773/677 2215/772/677
f 2197/766/669 2201/774/669 2202/775/669 2198/768/669
f 2196/764/670 2200/771/670 2218/771/670 2222/764/670
f 2169/770/669 2170/776/669 2204/773/669 2200/771/669
f 2200/771/669 2204/773/669 2205/772/669 2201/774/669
f 2201/774/669 2205/772/669 2206/777/669 2202/775/669
f 2202/775/669 2206/777/669 2207/760/669 2203/758/669
f 2170/776/669 2190/778/669 2208/779/669 2204/773/669
f 2210/780/671 2211/750/671 2214/750/671 2213/780/671
f 2205/772/669 2209/781/669 2210/780/669 2206/777/669
f 2202/775/671 2203/758/671 2221/758/671 2220/775/671
f 2190/778/669 2186/782/669 2239/783/669 2208/779/669
f 2208/779/669 2239/783/669 2238/784/669 2209/781/669
f 2209/781/669 2238/784/669 2237/785/669 2210/780/669
f 2210/780/669 2237/785/669 2185/751/669 2211/750/669
f 2235/786/668 2214/787/668 2010/788/668 2003/789/668
f 2214/787/668 2217/790/668 2195/791/668 2010/788/668
f 2217/790/668 2221/792/668 2009/793/668 2195/791/668
f 2221/792/668 2225/746/668 2008/749/668 2009/793/668
f 2126/794/668 2189/795/668 2212/796/668 2236/797/668
f 2236/797/668 2212/796/668 2241/798/668 2184/799/668
f 2184/799/668 2241/798/668 2213/800/668 2234/801/668
f 2234/801/668 2213/800/668 2214/787/668 2235/786/668
f 2189/795/668 2137/802/668 2240/803/668 2212/796/668
f 2241/798/668 2215/804/668 2216/805/668 2213/800/668
f 2137/802/668 2188/806/668 2218/807/668 2240/803/668
f 2240/803/668 2218/807/668 2219/808/668 2215/804/668
f 2215/804/668 2219/808/668 2220/809/668 2216/805/668
f 2216/805/668 2220/809/668 2221/792/668 2217/790/668
f 2188/806/668 2187/810/668 2222/811/668 2218/807/668
f 2219/808/668 2223/812/668 2224/813/668 2220/809/668
f 2187/810/668 2124/814/668 2194/815/668 2222/811/668
f 2222/811/668 2194/815/668 2229/816/668 2223/812/668
f 2223/812/668 2229/816/668 2193/817/668 2224/813/668
f 2224/813/668 2193/817/668 2192/747/668 2225/746/668
f 2192/830/673 2233/831/673 2011/823/673 2004/822/673
f 2124/832/673 2191/833/673 2230/834/673 2194/835/673
f 2194/835/673 2230/834/673 2231/836/673 2229/837/673
f 2229/837/673 2231/836/673 2232/838/673 2193/839/673
f 2193/839/673 2232/838/673 2233/831/673 2192/830/673
f 2236/850/675 2239/851/675 2186/843/675 2126/842/675
f 2003/852/675 2007/853/675 2185/854/675 2235/855/675
f 2235/855/675 2185/854/675 2237/856/675 2234/857/675
f 2234/857/675 2237/856/675 2238/858/675 2184/859/675
f 2184/859/675 2238/858/675 2239/851/675 2236/850/675
f 2204/773/670 2208/779/670 2212/779/670 2240/773/670
f 2197/766/677 2196/764/677 2222/764/677 2223/766/677
f 2201/774/672 2197/766/672 2223/766/672 2219/774/672
f 2209/781/672 2205/772/672 2215/772/672 2241/781/672
f 2198/768/670 2202/775/670 2220/775/670 2224/768/670
f 2207/760/677 2206/777/677 2216/777/677 2217/760/677
f 2206/777/670 2210/780/670 2213/780/670 2216/777/670
f 2199/755/677 2198/768/677 2224/768/677 2225/755/677
f 2203/758/672 2199/755/672 2225/755/672 2221/758/672
f 2211/750/672 2207/760/672 2217/760/672 2214/750/672
f 2200/771/671 2201/774/671 2219/774/671 2218/771/671
f 2208/779/671 2209/781/671 2241/781/671 2212/779/671
f 2286/746/668 2253/747/668 2309/748/668 2287/749/668
f 2272/750/669 2245/751/669 2312/752/669 2288/753/669
f 2295/754/669 2260/755/669 2358/756/669 2315/757/669
f 2260/755/669 2264/758/669 2289/759/669 2358/756/669
f 2264/758/669 2268/760/669 2290/761/669 2289/759/669
f 2268/760/669 2272/750/669 2288/753/669 2290/761/669
f 2252/762/669 2298/763/669 2257/764/669 2292/765/669
f 2292/765/669 2257/764/669 2258/766/669 2293/767/669
f 2293/767/669 2258/766/669 2259/768/669 2294/769/669
f 2294/769/669 2259/768/669 2260/755/669 2295/754/669
f 2298/763/669 2297/770/669 2261/771/669 2257/764/669
f 2266/772/677 2265/773/677 2305/773/677 2276/772/677
f 2258/766/669 2262/774/669 2263/775/669 2259/768/669
f 2257/764/670 2261/771/670 2279/771/670 2283/764/670
f 2297/770/669 2251/776/669 2265/773/669 2261/771/669
f 2261/771/669 2265/773/669 2266/772/669 2262/774/669
f 2262/774/669 2266/772/669 2267/777/669 2263/775/669
f 2263/775/669 2267/777/669 2268/760/669 2264/758/669
f 2251/776/669 2250/778/669 2269/779/669 2265/773/669
f 2271/780/671 2272/750/671 2275/750/671 2274/780/671
f 2266/772/669 2270/781/669 2271/780/669 2267/777/669
f 2263/775/671 2264/758/671 2282/758/671 2281/775/671
f 2250/778/669 2246/782/669 2304/783/669 2269/779/669
f 2269/779/669 2304/783/669 2303/784/669 2270/781/669
f 2270/781/669 2303/784/669 2302/785/669 2271/780/669
f 2271/780/669 2302/785/669 2245/751/669 2272/750/669
f 2300/786/668 2275/787/668 2314/788/668 2307/789/668
f 2275/787/668 2278/790/668 2256/791/668 2314/788/668
f 2278/790/668 2282/792/668 2313/793/668 2256/791/668
f 2282/792/668 2286/746/668 2287/749/668 2313/793/668
f 2242/794/668 2249/795/668 2273/796/668 2301/797/668
f 2301/797/668 2273/796/668 2306/798/668 2244/799/668
f 2244/799/668 2306/798/668 2274/800/668 2299/801/668
f 2299/801/668 2274/800/668 2275/787/668 2300/786/668
f 2249/795/668 2296/802/668 2305/803/668 2273/796/668
f 2306/798/668 2276/804/668 2277/805/668 2274/800/668
f 2296/802/668 2248/806/668 2279/807/668 2305/803/668
f 2305/803/668 2279/807/668 2280/808/668 2276/804/668
f 2276/804/668 2280/808/668 2281/809/668 2277/805/668
f 2277/805/668 2281/809/668 2282/792/668 2278/790/668
f 2248/806/668 2247/810/668 2283/811/668 2279/807/668
f 2280/808/668 2284/812/668 2285/813/668 2281/809/668
f 2247/810/668 2243/814/668 2255/815/668 2283/811/668
f 2283/811/668 2255/815/668 2291/816/668 2284/812/668
f 2284/812/668 2291/816/668 2254/817/668 2285/813/668
f 2285/813/668 2254/817/668 2253/747/668 2286/746/668
f 2314/818/676 2288/819/676 2312/820/676 2307/821/676
f 2309/822/676 2315/823/676 2358/824/676 2287/825/676
f 2287/825/676 2358/824/676 2289/826/676 2313/827/676
f 2313/827/676 2289/826/676 2290/828/676 2256/829/676
f 2256/829/676 2290/828/676 2288/819/676 2314/818/676
f 2253/830/673 2295/831/673 2315/823/673 2309/822/673
f 2243/832/673 2252/833/673 2292/834/673 2255/835/673
f 2255/835/673 2292/834/673 2293/836/673 2291/837/673
f 2291/837/673 2293/836/673 2294/838/673 2254/839/673
f 2254/839/673 2294/838/673 2295/831/673 2253/830/673
f 2247/840/674 2298/841/674 2252/833/674 2243/832/674
f 2242/842/674 2246/843/674 2250/844/674 2249/845/674
f 2249/845/674 2250/844/674 2251/846/674 2296/847/674
f 2296/847/674 2251/846/674 2297/848/674 2248/849/674
f 2248/849/674 2297/848/674 2298/841/674 2247/840/674
f 2301/850/675 2304/851/675 2246/843/675 2242/842/675
f 2307/852/675 2312/853/675 2245/854/675 2300/855/675
f 2300/855/675 2245/854/675 2302/856/675 2299/857/675
f 2299/857/675 2302/856/675 2303/858/675 2244/859/675
f 2244/859/675 2303/858/675 2304/851/675 2301/850/675
f 2265/773/670 2269/779/670 2273/779/670 2305/773/670
f 2258/766/677 2257/764/677 2283/764/677 2284/766/677
f 2262/774/672 2258/766/672 2284/766/672 2280/774/672
f 2270/781/672 2266/772/672 2276/772/672 2306/781/672
f 2259/768/670 2263/775/670 2281/775/670 2285/768/670
f 2268/760/677 2267/777/677 2277/777/677 2278/760/677
f 2267/777/670 2271/780/670 2274/780/670 2277/777/670
f 2260/755/677 2259/768/677 2285/768/677 2286/755/677
f 2264/758/672 2260/755/672 2286/755/672 2282/758/672
f 2272/750/672 2268/760/672 2278/760/672 2275/750/672
f 2261/771/671 2262/774/671 2280/774/671 2279/771/671
f 2269/779/671 2270/781/671 2306/781/671 2273/779/671
f 2349/746/668 2316/747/668 2308/748/668 2129/749/668
f 2335/750/669 2311/751/669 2128/752/669 2132/753/669
f 2357/754/669 2323/755/669 2350/756/669 2133/757/669
f 2323/755/669 2327/758/669 2351/759/669 2350/756/669
f 2327/758/669 2331/760/669 2352/761/669 2351/759/669
f 2331/760/669 2335/750/669 2132/753/669 2352/761/669
f 2315/762/669 2358/763/669 2320/764/669 2354/765/669
f 2354/765/669 2320/764/669 2321/766/669 2355/767/669
f 2355/767/669 2321/766/669 2322/768/669 2356/769/669
f 2356/769/669 2322/768/669 2323/755/669 2357/754/669
f 2358/763/669 2289/770/669 2324/771/669 2320/764/669
f 2329/772/677 2328/773/677 2365/773/677 2339/772/677
f 2321/766/669 2325/774/669 2326/775/669 2322/768/669
f 2320/764/670 2324/771/670 2342/771/670 2346/764/670
f 2289/770/669 2290/776/669 2328/773/669 2324/771/669
f 2324/771/669 2328/773/669 2329/772/669 2325/774/669
f 2325/774/669 2329/772/669 2330/777/669 2326/775/669
f 2326/775/669 2330/777/669 2331/760/669 2327/758/669
f 2290/776/669 2288/778/669 2332/779/669 2328/773/669
f 2334/780/671 2335/750/671 2338/750/671 2337/780/671
f 2329/772/669 2333/781/669 2334/780/669 2330/777/669
f 2326/775/671 2327/758/671 2345/758/671 2344/775/671
f 2288/778/669 2312/782/669 2364/783/669 2332/779/669
f 2332/779/669 2364/783/669 2363/784/669 2333/781/669
f 2333/781/669 2363/784/669 2362/785/669 2334/780/669
f 2334/780/669 2362/785/669 2311/751/669 2335/750/669
f 2360/786/668 2338/787/668 2131/788/668 2123/789/668
f 2338/787/668 2341/790/668 2319/791/668 2131/788/668
f 2341/790/668 2345/792/668 2130/793/668 2319/791/668
f 2345/792/668 2349/746/668 2129/749/668 2130/793/668
f 2307/794/668 2314/795/668 2336/796/668 2361/797/668
f 2361/797/668 2336/796/668 2366/798/668 2310/799/668
f 2310/799/668 2366/798/668 2337/800/668 2359/801/668
f 2359/801/668 2337/800/668 2338/787/668 2360/786/668
f 2314/795/668 2256/802/668 2365/803/668 2336/796/668
f 2366/798/668 2339/804/668 2340/805/668 2337/800/668
f 2256/802/668 2313/806/668 2342/807/668 2365/803/668
f 2365/803/668 2342/807/668 2343/808/668 2339/804/668
f 2339/804/668 2343/808/668 2344/809/668 2340/805/668
f 2340/805/668 2344/809/668 2345/792/668 2341/790/668
f 2313/806/668 2287/810/668 2346/811/668 2342/807/668
f 2343/808/668 2347/812/668 2348/813/668 2344/809/668
f 2287/810/668 2309/814/668 2318/815/668 2346/811/668
f 2346/811/668 2318/815/668 2353/816/668 2347/812/668
f 2347/812/668 2353/816/668 2317/817/668 2348/813/668
f 2348/813/668 2317/817/668 2316/747/668 2349/746/668
f 2316/830/673 2357/831/673 2133/823/673 2308/822/673
f 2309/832/673 2315/833/673 2354/834/673 2318/835/673
f 2318/835/673 2354/834/673 2355/836/673 2353/837/673
f 2353/837/673 2355/836/673 2356/838/673 2317/839/673
f 2317/839/673 2356/838/673 2357/831/673 2316/830/673
f 2361/850/675 2364/851/675 2312/843/675 2307/842/675
f 2123/852/675 2128/853/675 2311/854/675 2360/855/675
f 2360/855/675 2311/854/675 2362/856/675 2359/857/675
f 2359/857/675 2362/856/675 2363/858/675 2310/859/675
f 2310/859/675 2363/858/675 2364/851/675 2361/850/675
f 2328/773/670 2332/779/670 2336/779/670 2365/773/670
f 2321/766/677 2320/764/677 2346/764/677 2347/766/677
f 2325/774/672 2321/766/672 2347/766/672 2343/774/672
f 2333/781/672 2329/772/672 2339/772/672 2366/781/672
f 2322/768/670 2326/775/670 2344/775/670 2348/768/670
f 2331/760/677 2330/777/677 2340/777/677 2341/760/677
f 2330/777/670 2334/780/670 2337/780/670 2340/777/670
f 2323/755/677 2322/768/677 2348/768/677 2349/755/677
f 2327/758/672 2323/755/672 2349/755/672 2345/758/672
f 2335/750/672 2331/760/672 2341/760/672 2338/750/672
f 2324/771/671 2325/774/671 2343/774/671 2342/771/671
f 2332/779/671 2333/781/671 2366/781/671 2336/779/671
o Cylinder
v -19.778137 8.536190 -10.936026
v -19.778137 8.536190 -0.936026
v -18.996084 9.084671 0.295703
v -18.996084 9.084672 -12.167758
v -18.875099 9.536190 0.295703
v -18.875101 9.536190 -12.167758
v -18.996084 9.987708 0.295703
v -18.996084 9.987709 -12.167757
v -19.778137 10.439227 0.295705
v -19.326618 10.318243 0.295704
v -19.326618 10.318243 -12.167757
v -19.778137 10.439227 -12.167756
v -19.778137 10.536190 -10.936026
v -19.778137 10.536190 -0.936026
v -19.278137 10.402216 -10.936027
v -19.278137 10.402215 -0.936027
v -18.912111 10.036190 -10.936028
v -18.912111 10.036190 -0.936028
v -18.778137 9.536190 -10.936028
v -18.778137 9.536190 -0.936028
v -18.912111 9.036190 -10.936028
v -18.912111 9.036190 -0.936028
v -19.278137 8.670165 -10.936027
v -19.278137 8.670164 -0.936027
v -19.326618 8.754137 -12.167757
v -19.326618 8.754137 0.295704
v -19.778137 8.633153 -12.167757
v -19.778137 8.633153 0.295704
v -19.778137 8.974238 0.596375
v -19.778137 10.098142 0.596375
v -19.778137 10.098142 -12.468428
v -19.778137 8.974238 -12.468428
v -19.497162 9.049525 -12.468428
v -19.497162 9.049525 0.596375
v -19.291471 9.255214 0.596375
v -19.216185 9.536190 0.596375
v -19.291473 9.255215 -12.468428
v -19.216187 9.536190 -12.468428
v -19.291473 9.817166 -12.468428
v -19.291471 9.817165 0.596375
v -19.497162 10.022855 0.596375
v -19.497162 10.022855 -12.468428
v -19.778137 10.560570 1.063972
v -19.778137 10.960569 1.063972
v -19.778137 10.560570 -12.936028
v -19.778137 10.960570 -12.936028
v -19.291185 10.560570 1.063972
v -19.291185 10.960569 1.063972
v -19.291185 10.560570 -12.936028
v -19.291185 10.960570 -12.936028
v -19.878136 10.560570 1.063972
v -19.878136 10.960569 1.063972
v -19.878136 10.560570 -12.936028
v -19.878136 10.960570 -12.936028
v -19.778137 8.261300 1.063972
v -19.778137 8.261300 -12.936028
v -19.878136 8.261300 1.063972
v -19.878136 8.261300 -12.936028
vn 0.9631 -0.2581 0.0758
vn 0.7051 0.7051 -0.0758
vn 0.9631 -0.2581 -0.0758
vn 0.1745 -0.6511 -0.7386
vn 0.6511 0.1745 0.7386
vn -1.0000 -0.0000 -0.0000
vn 0.2588 0.9659 -0.0000
vn 0.7071 0.7071 -0.0000
vn 0.9659 0.2588 -0.0000
vn 0.9659 -0.2588 -0.0000
vn 0.7071 -0.7071 -0.0000
vn 0.2588 -0.9659 -0.0000
vn 0.2581 -0.9631 0.0758
vn 0.7051 0.7051 0.0758
vn 0.2581 0.9631 0.0758
vn 0.7051 -0.7051 -0.0758
vn 0.7051 -0.7051 0.0758
vn 0.9631 0.2581 -0.0758
vn 0.9631 0.2581 0.0758
vn 0.2581 0.9631 -0.0758
vn 0.2581 -0.9631 -0.0758
vn -0.0000 -0.0000 1.0000
vn -0.0000 -0.0000 -1.0000
vn 0.4767 0.4767 0.7386
vn 0.1745 -0.6511 0.7386
vn 0.1745 0.6511 0.7386
vn 0.4767 -0.4767 0.7386
vn 0.4767 0.4767 -0.7386
vn 0.6511 -0.1745 0.7386
vn 0.1745 0.6511 -0.7386
vn 0.4767 -0.4767 -0.7386
vn 0.6511 -0.1745 -0.7386
vn 0.6511 0.1745 -0.7386
vn 1.0000 -0.0000 -0.0000
vn -0.0000 -1.0000 -0.0000
vn -0.0000 1.0000 -0.0000
vt 0.166667 1.000000
vt 0.250000 1.000000
vt 0.416667 0.500000
vt 0.333333 0.500000
vt 0.250000 0.500000
vt 0.166667 0.500000
vt 0.083333 0.500000
vt 0.000000 0.500000
vt 0.333333 1.000000
vt 0.750000 0.490000
vt 0.250000 0.490000
vt 0.500000 1.000000
vt 0.750000 0.010000
vt 0.500000 0.500000
vt 0.416667 1.000000
vt 0.083333 1.000000
vt 0.000000 1.000000
vt 0.250000 0.010000
vt 0.130000 0.457846
vt 0.042154 0.370000
vt 0.010000 0.250000
vt 0.042154 0.130000
vt 0.130000 0.042154
vt 0.630000 0.042154
vt 0.542154 0.130000
vt 0.510000 0.250000
vt 0.542154 0.370000
vt 0.630000 0.457846
vt 0.625000 0.250000
vt 0.375000 0.250000
vt 0.625000 0.500000
vt 0.375000 0.500000
vt 0.625000 0.750000
vt 0.375000 0.750000
vt 0.625000 1.000000
vt 0.375000 1.000000
vt 0.125000 0.500000
vt 0.125000 0.750000
vt 0.875000 0.500000
vt 0.875000 0.750000
vt 0.375000 0.000000
vt 0.625000 0.000000
s 0
usemtl Material.003
f 2388/860/678 2386/861/678 2371/861/678 2369/860/678
f 2381/862/679 2383/863/679 2374/863/679 2377/862/679
f 2385/864/680 2387/865/680 2370/865/680 2372/864/680
f 2391/866/681 2393/867/681 2398/867/681 2399/866/681
f 2371/861/682 2373/868/682 2406/868/682 2402/861/682
f 2367/869/683 2368/870/683 2380/871/683 2379/872/683
f 2379/873/684 2380/871/684 2382/874/684 2381/862/684
f 2381/862/685 2382/874/685 2384/868/685 2383/863/685
f 2383/863/686 2384/868/686 2386/861/686 2385/864/686
f 2385/864/687 2386/861/687 2388/860/687 2387/865/687
f 2367/869/683 2379/872/683 2378/872/683 2393/869/683
f 2387/865/688 2388/860/688 2390/875/688 2389/866/688
f 2389/866/689 2390/875/689 2368/876/689 2367/867/689
f 2368/876/690 2390/875/690 2392/875/690 2394/876/690
f 2384/868/691 2382/874/691 2376/874/691 2373/868/691
f 2380/871/683 2368/870/683 2394/870/683 2375/871/683
f 2382/874/692 2380/871/692 2375/871/692 2376/874/692
f 2387/865/693 2389/866/693 2391/866/693 2370/865/693
f 2390/875/694 2388/860/694 2369/860/694 2392/875/694
f 2383/863/695 2385/864/695 2372/864/695 2374/863/695
f 2386/861/696 2384/868/696 2373/868/696 2371/861/696
f 2379/873/697 2381/862/697 2377/862/697 2378/873/697
f 2389/866/698 2367/867/698 2393/867/698 2391/866/698
f 2396/877/699 2395/870/699 2400/878/699 2401/879/699 2402/880/699 2406/881/699 2407/882/699
f 2398/869/700 2397/872/700 2408/883/700 2405/884/700 2404/885/700 2403/886/700 2399/887/700
f 2373/868/701 2376/874/701 2407/874/701 2406/868/701
f 2394/876/702 2392/875/702 2400/875/702 2395/876/702
f 2376/874/703 2375/871/703 2396/871/703 2407/874/703
f 2392/875/704 2369/860/704 2401/860/704 2400/875/704
f 2375/871/683 2394/870/683 2395/870/683 2396/871/683
f 2377/862/705 2374/863/705 2405/863/705 2408/862/705
f 2369/860/706 2371/861/706 2402/861/706 2401/860/706
f 2378/873/707 2377/862/707 2408/862/707 2397/873/707
f 2370/865/708 2391/866/708 2399/866/708 2403/865/708
f 2372/864/709 2370/865/709 2403/865/709 2404/864/709
f 2374/863/710 2372/864/710 2404/864/710 2405/863/710
f 2393/869/683 2378/872/683 2397/872/683 2398/869/683
usemtl Material.006
f 2412/888/700 2411/889/700 2419/889/700 2420/888/700
f 2411/889/700 2412/888/700 2416/890/700 2415/891/700
f 2415/891/711 2416/890/711 2414/892/711 2413/893/711
f 2413/893/699 2414/892/699 2410/894/699 2409/895/699
f 2411/896/712 2415/891/712 2413/893/712 2409/897/712
f 2416/890/713 2412/898/713 2410/899/713 2414/892/713
f 2417/900/683 2418/901/683 2420/888/683 2419/889/683
f 2409/895/699 2410/894/699 2418/894/699 2417/895/699
f 2410/899/713 2412/898/713 2420/898/713 2418/899/713
f 2419/889/700 2411/889/700 2422/889/700 2424/889/700
f 2422/896/712 2421/897/712 2423/897/712 2424/896/712
f 2417/900/683 2419/889/683 2424/889/683 2423/900/683
f 2409/895/699 2417/895/699 2423/895/699 2421/895/699
f 2411/896/711 2409/897/711 2421/897/711 2422/896/711
o Cube.002
v -6.587392 -4.897181 4.262788
v -6.587392 -4.697181 4.262788
v 1.876340 -4.897181 -34.831524
v 1.876340 -4.697181 -34.831524
v 12.959764 -4.897181 8.494653
v 12.959764 -4.697181 8.494653
v 21.423496 -4.897181 -30.599659
v 21.423496 -4.697181 -30.599659
vn -0.9774 -0.0000 -0.2116
vn 0.2116 -0.0000 -0.9774
vn 0.9774 -0.0000 0.2116
vn -0.2116 -0.0000 0.9774
vn -0.0000 -1.0000 -0.0000
vn -0.0000 1.0000 -0.0000
vt 0.375000 0.000000
vt 0.625000 0.000000
vt 0.625000 0.250000
vt 0.375000 0.250000
vt 0.625000 0.500000
vt 0.375000 0.500000
vt 0.625000 0.750000
vt 0.375000 0.750000
vt 0.625000 1.000000
vt 0.375000 1.000000
vt 0.125000 0.500000
vt 0.125000 0.750000
vt 0.875000 0.500000
vt 0.875000 0.750000
s 0
usemtl Carpet
f 2425/902/714 2426/903/714 2428/904/714 2427/905/714
f 2427/905/715 2428/904/715 2432/906/715 2431/907/715
f 2431/907/716 2432/906/716 2430/908/716 2429/909/716
f 2429/909/717 2430/908/717 2426/910/717 2425/911/717
f 2427/912/718 2431/907/718 2429/909/718 2425/913/718
f 2432/906/719 2428/914/719 2426/915/719 2430/908/719
o floor.003
v -20.000000 36.763798 20.000000
v -20.000000 37.163799 20.000000
v -20.000000 36.763798 -97.603706
v -20.000000 37.163799 -97.603706
v 52.350060 36.763798 20.000000
v 52.350060 37.163799 20.000000
v 52.350060 36.763798 -97.603706
v 52.350060 37.163799 -97.603706
vn -1.0000 -0.0000 -0.0000
vn -0.0000 -0.0000 -1.0000
vn 1.0000 -0.0000 -0.0000
vn -0.0000 -0.0000 1.0000
vn -0.0000 -1.0000 -0.0000
vn -0.0000 1.0000 -0.0000
vt 0.375000 0.000000
vt 0.625000 0.000000
vt 0.625000 0.250000
vt 0.375000 0.250000
vt 0.625000 0.500000
vt 0.375000 0.500000
vt 0.625000 0.750000
vt 0.375000 0.750000
vt 0.625000 1.000000
vt 0.375000 1.000000
vt 0.125000 0.500000
vt 0.125000 0.750000
vt 0.875000 0.500000
vt 0.875000 0.750000
s 0
f 2433/916/720 2434/917/720 2436/918/720 2435/919/720
f 2435/919/721 2436/918/721 2440/920/721 2439/921/721
f 2439/921/722 2440/920/722 2438/922/722 2437/923/722
f 2437/923/723 2438/922/723 2434/924/723 2433/925/723
f 2435/926/724 2439/921/724 2437/923/724 2433/927/724
f 2440/920/725 2436/928/725 2434/929/725 2438/922/725
o floor.004
v -20.000000 -5.000000 -98.003700
v -20.000000 -5.000000 -97.603706
v -20.000000 12.000000 -98.003700
v -20.000000 12.000000 -97.603706
v 52.350060 -5.000000 -98.003700
v 52.350060 -5.000000 -97.603706
v 52.350060 12.000000 -98.003700
v 52.350060 12.000000 -97.603706
v -20.000000 12.500000 -97.603706
v -20.000000 12.500000 -98.003700
v 52.350060 12.500000 -98.003700
v 52.350060 12.500000 -97.603706
v -20.000000 36.763798 -97.603699
v -20.000000 36.763798 -98.003700
v 52.350060 36.763798 -98.003700
v 52.350060 36.763798 -97.603699
v 52.350060 12.000000 -98.153702
v -20.000000 12.000000 -98.153702
v 52.350060 12.500000 -98.153702
v -20.000000 12.500000 -98.153702
vn -1.0000 -0.0000 -0.0000
vn -0.0000 -0.0000 1.0000
vn 1.0000 -0.0000 -0.0000
vn -0.0000 -1.0000 -0.0000
vn -0.0000 -0.0000 -1.0000
vn -0.0000 1.0000 -0.0000
vt 0.375000 0.000000
vt 0.625000 0.000000
vt 0.625000 0.250000
vt 0.375000 0.250000
vt 0.875000 0.500000
vt 0.625000 0.500000
vt 0.375000 0.500000
vt 0.625000 0.750000
vt 0.375000 0.750000
vt 0.625000 1.000000
vt 0.375000 1.000000
vt 0.125000 0.500000
vt 0.125000 0.750000
vt 0.875000 0.750000
s 0
usemtl Wall
f 2441/930/726 2442/931/726 2444/932/726 2443/933/726
f 2444/934/727 2448/935/727 2452/935/727 2449/934/727
f 2447/936/728 2448/935/728 2446/937/728 2445/938/728
f 2445/938/729 2446/937/729 2442/939/729 2441/940/729
f 2443/941/730 2447/936/730 2445/938/730 2441/942/730
f 2448/935/727 2444/934/727 2442/943/727 2446/937/727
f 2452/935/728 2451/936/728 2455/936/728 2456/935/728
f 2443/933/726 2444/932/726 2449/932/726 2450/933/726
f 2448/935/728 2447/936/728 2451/936/728 2452/935/728
f 2447/936/729 2443/941/729 2458/941/729 2457/936/729
f 2454/933/731 2453/932/731 2456/935/731 2455/936/731
f 2451/936/730 2450/941/730 2454/941/730 2455/936/730
f 2449/934/727 2452/935/727 2456/935/727 2453/934/727
f 2450/933/726 2449/932/726 2453/932/726 2454/933/726
f 2457/936/730 2458/941/730 2460/941/730 2459/936/730
f 2450/941/731 2451/936/731 2459/936/731 2460/941/731
f 2443/933/726 2450/933/726 2460/933/726 2458/933/726
f 2451/936/728 2447/936/728 2457/936/728 2459/936/728
o floor.005
v 52.350056 -5.000000 20.000000
v 52.750057 -5.000000 20.000000
v 52.350060 12.000000 20.000000
v 52.750057 12.000000 20.000000
v 52.350056 -5.000000 -97.603699
v 52.750053 -5.000000 -97.603699
v 52.350056 12.000000 -97.603699
v 52.750057 12.000000 -97.603699
v 52.750057 12.500000 20.000000
v 52.350060 12.500000 20.000000
v 52.350056 12.500000 -97.603699
v 52.750057 12.500000 -97.603699
v 52.750057 36.763798 20.000000
v 52.350060 36.763798 20.000000
v 52.350056 36.763798 -97.603699
v 52.750057 36.763798 -97.603699
v 52.900059 12.000000 20.000000
v 52.900055 12.000000 -97.603699
v 52.900059 12.500000 20.000000
v 52.900055 12.500000 -97.603699
vn -0.0000 -0.0000 1.0000
vn -0.0000 -0.0000 -1.0000
vn -0.0000 -1.0000 -0.0000
vn -1.0000 -0.0000 -0.0000
vn 1.0000 -0.0000 -0.0000
vn -0.0000 1.0000 -0.0000
vt 0.375000 0.000000
vt 0.625000 0.000000
vt 0.625000 0.250000
vt 0.375000 0.250000
vt 0.625000 0.500000
vt 0.375000 0.500000
vt 0.625000 0.750000
vt 0.375000 0.750000
vt 0.625000 1.000000
vt 0.375000 1.000000
vt 0.125000 0.500000
vt 0.125000 0.750000
vt 0.875000 0.500000
vt 0.875000 0.750000
s 0
usemtl Wall
f 2461/944/732 2462/945/732 2464/946/732 2463/947/732
f 2468/948/733 2467/949/733 2471/949/733 2472/948/733
f 2467/949/733 2468/948/733 2466/950/733 2465/951/733
f 2465/951/734 2466/950/734 2462/952/734 2461/953/734
f 2463/954/735 2467/949/735 2465/951/735 2461/955/735
f 2468/948/736 2464/956/736 2462/957/736 2466/950/736
f 2472/948/733 2471/949/733 2475/949/733 2476/948/733
f 2467/949/735 2463/954/735 2470/954/735 2471/949/735
f 2472/948/737 2469/956/737 2479/956/737 2480/948/737
f 2463/947/732 2464/946/732 2469/946/732 2470/947/732
f 2474/947/737 2473/946/737 2476/948/737 2475/949/737
f 2471/949/735 2470/954/735 2474/954/735 2475/949/735
f 2469/956/736 2472/948/736 2476/948/736 2473/956/736
f 2470/947/732 2469/946/732 2473/946/732 2474/947/732
f 2477/956/736 2478/948/736 2480/948/736 2479/956/736
f 2469/946/732 2464/946/732 2477/946/732 2479/946/732
f 2468/948/733 2472/948/733 2480/948/733 2478/948/733
f 2464/956/734 2468/948/734 2478/948/734 2477/956/734
